DATE;SIM_DAY;REGIONS;WORK;HOME;OTHER;SCHOOL
21/02/2020;0;1;0.122285714;-0.012916667;-0.013225608;0
22/02/2020;1;1;-0.023529412;-0.0015;-0.059295256;0
23/02/2020;2;1;-0.051481481;-0.001333333;-0.097093137;0
24/02/2020;3;1;-0.098157895;0.022727273;-0.101145626;0
25/02/2020;4;1;-0.08075;0.019545455;-0.100828488;0
26/02/2020;5;1;0.127027027;-0.0196;-0.061462662;0
27/02/2020;6;1;0.148055556;-0.016;-0.051103716;0
28/02/2020;7;1;0.228;-0.025;-0.037420743;0
29/02/2020;8;1;0.1009375;-0.008;-0.023150949;0
1/03/2020;9;1;0.028518519;0.01;-0.043986957;0
2/03/2020;10;1;0.217222222;-0.0224;-0.009973007;0
3/03/2020;11;1;0.196388889;-0.0196;-0.040702381;0
4/03/2020;12;1;0.162894737;-0.0228;-0.041236833;0
5/03/2020;13;1;0.174444444;-0.02;-0.033929473;0
6/03/2020;14;1;0.242857143;-0.02125;-0.057335898;0
7/03/2020;15;1;0.101515152;0;-0.064320127;0
8/03/2020;16;1;0.0248;0.006;-0.04733913;0
9/03/2020;17;1;0.206666667;-0.014;-0.073572511;0
10/03/2020;18;1;0.19;-0.0152;-0.083426587;0
11/03/2020;19;1;0.154210526;-0.0172;-0.083379509;0
12/03/2020;20;1;0.156842105;-0.0144;-0.075670635;0
13/03/2020;21;1;0.217428571;-0.014583333;-0.096003206;0
14/03/2020;22;1;0.095757576;0.0035;-0.097829202;0
15/03/2020;23;1;-0.001538462;0.018;-0.132908263;0
16/03/2020;24;1;0.017777778;0.036818182;-0.112602273;0
17/03/2020;25;1;-0.09175;0.071904762;-0.185643364;0
18/03/2020;26;1;-0.150487805;0.088095238;-0.217940711;0
19/03/2020;27;1;-0.177804878;0.1085;-0.275161749;0
20/03/2020;28;1;-0.173684211;0.1325;-0.371275935;0
21/03/2020;29;1;-0.302222222;0.158823529;-0.463132937;0
22/03/2020;30;1;-0.362333333;0.178;-0.612558333;0
23/03/2020;31;1;-0.605319149;0.254375;-0.65274748;0
24/03/2020;32;1;-0.40893617;0.178888889;-0.505656983;-1
25/03/2020;33;1;-0.662244898;0.284;-0.770341374;-1
26/03/2020;34;1;-0.662244898;0.288666667;-0.75301023;-1
27/03/2020;35;1;-0.624468085;0.302;-0.743388265;-1
28/03/2020;36;1;-0.607692308;0.264666667;-0.751762745;-1
29/03/2020;37;1;-0.561875;0.226428571;-0.783776864;-1
30/03/2020;38;1;-0.615106383;0.276666667;-0.707009757;-1
31/03/2020;39;1;-0.618571429;0.269333333;-0.697940476;-1
1/04/2020;40;1;-0.63893617;0.267333333;-0.697572935;-1
2/04/2020;41;1;-0.627959184;0.276;-0.69864881;-1
3/04/2020;42;1;-0.602045455;0.288666667;-0.721715698;-1
4/04/2020;43;1;-0.592051282;0.262;-0.746210299;-1
5/04/2020;44;1;-0.543125;0.226428571;-0.783096543;-1
6/04/2020;45;1;-0.6;0.274;-0.703986998;-1
7/04/2020;46;1;-0.601020408;0.261333333;-0.686939484;-1
8/04/2020;47;1;-0.604468085;0.248;-0.666230117;-1
9/04/2020;48;1;-0.714897959;0.292;-0.750134085;-1
10/04/2020;49;1;-0.731836735;0.328666667;-0.819087302;-1
11/04/2020;50;1;-0.622105263;0.270666667;-0.774005675;-1
12/04/2020;51;1;-0.5628125;0.230769231;-0.812495679;-1
13/04/2020;52;1;-0.566170213;0.267333333;-0.698408828;-1
14/04/2020;53;1;-0.584255319;0.266;-0.697792219;-1
15/04/2020;54;1;-0.580652174;0.254117647;-0.682698726;-1
16/04/2020;55;1;-0.580833333;0.261333333;-0.678977891;-1
17/04/2020;56;1;-0.541363636;0.275;-0.686128506;-1
18/04/2020;57;1;-0.542162162;0.254;-0.736261111;-1
19/04/2020;58;1;-0.5159375;0.223571429;-0.785403504;-1
20/04/2020;59;1;-0.532978723;0.258125;-0.683453034;-1
21/04/2020;60;1;-0.555319149;0.26;-0.694383105;-1
22/04/2020;61;1;-0.543404255;0.249411765;-0.681347222;-1
23/04/2020;62;1;-0.54625;0.255882353;-0.682250716;-1
24/04/2020;63;1;-0.498604651;0.268;-0.688181466;-1
25/04/2020;64;1;-0.510540541;0.248;-0.726983578;-1
26/04/2020;65;1;-0.4778125;0.212857143;-0.773549651;-1
27/04/2020;66;1;-0.464222222;0.242352941;-0.646979167;-1
28/04/2020;67;1;-0.488913043;0.228823529;-0.63592432;-1
29/04/2020;68;1;-0.486956522;0.231111111;-0.627580556;-1
30/04/2020;69;1;-0.487234043;0.229411765;-0.604357937;-1
1/05/2020;70;1;-0.601590909;0.289333333;-0.695146221;-1
2/05/2020;71;1;-0.496944444;0.236;-0.702191431;-1
3/05/2020;72;1;-0.5;0.211333333;-0.772173813;-1
4/05/2020;73;1;-0.44173913;0.230588235;-0.610191272;-1
5/05/2020;74;1;-0.458913043;0.23;-0.607413194;-1
6/05/2020;75;1;-0.457391304;0.224705882;-0.592074546;-1
7/05/2020;76;1;-0.461702128;0.233529412;-0.600885088;-1
8/05/2020;77;1;-0.404047619;0.236470588;-0.587172343;-1
9/05/2020;78;1;-0.477297297;0.238666667;-0.692726217;-1
10/05/2020;79;1;-0.454193548;0.207142857;-0.74856346;-1
11/05/2020;80;1;-0.414318182;0.219444444;-0.589069079;-1
12/05/2020;81;1;-0.42;0.222777778;-0.579774854;-1
13/05/2020;82;1;-0.425333333;0.216842105;-0.586429914;-1
14/05/2020;83;1;-0.424893617;0.213684211;-0.585310526;-1
15/05/2020;84;1;-0.380714286;0.224444444;-0.590140824;-1
16/05/2020;85;1;-0.421111111;0.223333333;-0.669110898;-1
17/05/2020;86;1;-0.475806452;0.214285714;-0.769730094;-1
18/05/2020;87;1;-0.375238095;0.204736842;-0.546188596;-1
19/05/2020;88;1;-0.394;0.209473684;-0.568593985;-1
20/05/2020;89;1;-0.396444444;0.206315789;-0.554914071;-1
21/05/2020;90;1;-0.396808511;0.211578947;-0.547621032;-1
22/05/2020;91;1;-0.344285714;0.214736842;-0.559158581;-1
23/05/2020;92;1;-0.401944444;0.215333333;-0.669608677;-1
24/05/2020;93;1;-0.471935484;0.213571429;-0.778564046;-1
25/05/2020;94;1;-0.613617021;0.28;-0.717761364;-1
26/05/2020;95;1;-0.343555556;0.1915;-0.517891447;-1
27/05/2020;96;1;-0.367777778;0.1995;-0.523996528;-1
28/05/2020;97;1;-0.357391304;0.196315789;-0.511390873;-1
29/05/2020;98;1;-0.312195122;0.2045;-0.514257541;-1
30/05/2020;99;1;-0.353888889;0.214666667;-0.644867593;-1
31/05/2020;100;1;-0.386428571;0.2;-0.732693867;-1
1/06/2020;101;1;-0.293095238;0.191;-0.477096984;-1
2/06/2020;102;1;-0.327209302;0.1995;-0.508282223;-1
3/06/2020;103;1;-0.332272727;0.1915;-0.494814187;-1
4/06/2020;104;1;-0.324222222;0.1995;-0.493675339;-1
5/06/2020;105;1;-0.279756098;0.2035;-0.513740046;-1
6/06/2020;106;1;-0.302647059;0.200666667;-0.614482423;-1
7/06/2020;107;1;-0.349;0.187333333;-0.707855479;-1
8/06/2020;108;1;-0.231186441;0.189;-0.505095395;-1
9/06/2020;109;1;-0.27;0.196;-0.522342575;-1
10/06/2020;110;1;-0.286721311;0.1945;-0.523356673;-1
11/06/2020;111;1;-0.280163934;0.1985;-0.509353562;-1
12/06/2020;112;1;-0.206896552;0.197;-0.506032556;-1
13/06/2020;113;1;-0.215490196;0.194666667;-0.577352638;-1
14/06/2020;114;1;-0.258666667;0.204666667;-0.738790903;-1
15/06/2020;115;1;-0.522131148;0.2775;-0.718276681;-1
16/06/2020;116;1;-0.244918033;0.1815;-0.479277491;-1
17/06/2020;117;1;-0.268196721;0.187;-0.494473143;-1
18/06/2020;118;1;-0.281967213;0.1905;-0.489260131;-1
19/06/2020;119;1;-0.203275862;0.183;-0.462895402;-1
20/06/2020;120;1;-0.222156863;0.203125;-0.584753366;-1
21/06/2020;121;1;-0.259555556;0.205333333;-0.735565211;-1
22/06/2020;122;1;-0.542786885;0.266666667;-0.726541126;-1
23/06/2020;123;1;-0.26852459;0.184;-0.493022753;-1
24/06/2020;124;1;-0.28557377;0.159;-0.491612675;-1
25/06/2020;125;1;-0.293934426;0.1915;-0.498856852;-1
26/06/2020;126;1;-0.232833333;0.2;-0.503800801;-1
27/06/2020;127;1;-0.242;0.195625;-0.58675338;-1
28/06/2020;128;1;-0.325652174;0.215714286;-0.74390336;-1
29/06/2020;129;1;-0.528852459;0.275333333;-0.704092286;-1
30/06/2020;130;1;-0.264333333;0.1765;-0.441640218;-1
1/07/2020;131;1;-0.279508197;0.1815;-0.44619246;-1
2/07/2020;132;1;-0.290819672;0.1915;-0.456193149;-1
3/07/2020;133;1;-0.259482759;0.215;-0.523755769;-1
4/07/2020;134;1;-0.281346154;0.223333333;-0.619041481;-1
5/07/2020;135;1;-0.312173913;0.208571429;-0.730169655;-1
6/07/2020;136;1;-0.250983607;0.1875;-0.447619987;-1
7/07/2020;137;1;-0.309;0.182;-0.49409684;-1
8/07/2020;138;1;-0.314590164;0.182;-0.510497799;-1
9/07/2020;139;1;-0.308360656;0.1855;-0.498140664;-1
10/07/2020;140;1;-0.25637931;0.194;-0.506579064;-1
11/07/2020;141;1;-0.337358491;0.226;-0.668831682;-1
12/07/2020;142;1;-0.346521739;0.206;-0.743670139;-1
13/07/2020;143;1;-0.270163934;0.1895;-0.495861897;-1
14/07/2020;144;1;-0.318688525;0.198;-0.527796053;-1
15/07/2020;145;1;-0.30557377;0.19;-0.519543826;-1
16/07/2020;146;1;-0.363606557;0.2125;-0.575647713;-1
17/07/2020;147;1;-0.253559322;0.195;-0.524075188;-1
18/07/2020;148;1;-0.3275;0.214666667;-0.666664396;-1
19/07/2020;149;1;-0.352173913;0.21;-0.757342063;-1
20/07/2020;150;1;-0.571639344;0.285333333;-0.749581194;-1
21/07/2020;151;1;-0.295833333;0.1875;-0.512144972;-1
22/07/2020;152;1;-0.325245902;0.195263158;-0.536441338;-1
23/07/2020;153;1;-0.30557377;0.1985;-0.516921159;-1
24/07/2020;154;1;-0.263103448;0.21;-0.541293726;-1
25/07/2020;155;1;-0.321538462;0.21875;-0.661687563;-1
26/07/2020;156;1;-0.327333333;0.207142857;-0.739605976;-1
27/07/2020;157;1;-0.269016393;0.1955;-0.511975146;-1
28/07/2020;158;1;-0.293934426;0.196;-0.509192593;-1
29/07/2020;159;1;-0.299508197;0.186315789;-0.50104405;-1
30/07/2020;160;1;-0.319180328;0.2005;-0.504477859;-1
31/07/2020;161;1;-0.251186441;0.2025;-0.51383426;-1
1/08/2020;162;1;-0.291346154;0.198235294;-0.623139637;-1
2/08/2020;163;1;-0.320425532;0.182857143;-0.711439159;-1
3/08/2020;164;1;-0.26442623;0.184444444;-0.48697995;-1
4/08/2020;165;1;-0.28704918;0.19;-0.500606407;-1
5/08/2020;166;1;-0.295081967;0.181176471;-0.480722431;-1
6/08/2020;167;1;-0.292131148;0.172222222;-0.456804764;-1
7/08/2020;168;1;-0.461833333;0.258125;-0.660513357;-1
8/08/2020;169;1;-0.308461538;0.206470588;-0.663701923;-1
9/08/2020;170;1;-0.314;0.192142857;-0.716731127;-1
10/08/2020;171;1;-0.249508197;0.172105263;-0.468756911;-1
11/08/2020;172;1;-0.279344262;0.1825;-0.479363662;-1
12/08/2020;173;1;-0.277213115;0.177894737;-0.472656015;-1
13/08/2020;174;1;-0.283333333;0.1785;-0.469416828;-1
14/08/2020;175;1;-0.230344828;0.193;-0.50591557;-1
15/08/2020;176;1;-0.250392157;0.186470588;-0.599756241;-1
16/08/2020;177;1;-0.266956522;0.175;-0.679159695;-1
17/08/2020;178;1;-0.626315789;0.24625;-0.693998918;-1
18/08/2020;179;1;-0.33125;0.1625;-0.482062451;-1
19/08/2020;180;1;-0.374117647;0.176315789;-0.518361291;-1
20/08/2020;181;1;-0.361875;0.179;-0.502107684;-1
21/08/2020;182;1;-0.296875;0.1825;-0.505082362;-1
22/08/2020;183;1;-0.331333333;0.191176471;-0.636592071;-1
23/08/2020;184;1;-0.307692308;0.182142857;-0.69913273;-1
24/08/2020;185;1;-0.314375;0.176;-0.510509421;-1
25/08/2020;186;1;-0.3425;0.1775;-0.505669435;-1
26/08/2020;187;1;-0.351764706;0.174736842;-0.503243146;-1
27/08/2020;188;1;-0.335625;0.174;-0.497318723;-1
28/08/2020;189;1;-0.275625;0.1745;-0.487931235;-1
29/08/2020;190;1;-0.291333333;0.170588235;-0.592752404;-1
30/08/2020;191;1;-0.276923077;0.16;-0.651343983;-1
31/08/2020;192;1;-0.29875;0.164;-0.470434149;-1
1/09/2020;193;1;-0.321875;0.1605;-0.409280303;-1
2/09/2020;194;1;-0.32375;0.1565;-0.42702603;-1
3/09/2020;195;1;-0.3275;0.1635;-0.430364219;-1
4/09/2020;196;1;-0.276875;0.1675;-0.450402778;-1
5/09/2020;197;1;-0.2;0.136111111;-0.445384615;-1
6/09/2020;198;1;-0.220833333;0.120666667;-0.552862077;-1
7/09/2020;199;1;-0.308125;0.156;-0.441107955;-1
8/09/2020;200;1;-0.33;0.156842105;-0.443391608;-1
9/09/2020;201;1;-0.321176471;0.151052632;-0.443983586;-1
10/09/2020;202;1;-0.322941176;0.154210526;-0.428674242;-1
11/09/2020;203;1;-0.178983051;0.161578947;-0.416331905;-1
12/09/2020;204;1;-0.141428571;0.138333333;-0.425218223;-1
13/09/2020;205;1;-0.181333333;0.126666667;-0.50838694;-1
14/09/2020;206;1;-0.170847458;0.146842105;-0.387865824;-1
15/09/2020;207;1;-0.2055;0.1575;-0.389046418;-1
16/09/2020;208;1;-0.212786885;0.146842105;-0.378723112;-1
17/09/2020;209;1;-0.216557377;0.16;-0.373645118;-1
18/09/2020;210;1;-0.14637931;0.158947368;-0.396634747;-1
19/09/2020;211;1;-0.088163265;0.118888889;-0.364964644;-1
20/09/2020;212;1;-0.149111111;0.105333333;-0.47735427;-1
21/09/2020;213;1;-0.198032787;0.16;-0.421260698;-1
22/09/2020;214;1;-0.211967213;0.152105263;-0.395988034;-1
23/09/2020;215;1;-0.211803279;0.145517241;-0.39491557;-1
24/09/2020;216;1;-0.236229508;0.155862069;-0.403745249;-1
25/09/2020;217;1;-0.145932203;0.155555556;-0.410823127;-1
26/09/2020;218;1;-0.097755102;0.135;-0.395160477;-1
27/09/2020;219;1;-0.160666667;0.125;-0.490261209;-1
28/09/2020;220;1;-0.174;0.147857143;-0.387949357;-1
29/09/2020;221;1;-0.201639344;0.14137931;-0.376341009;-1
30/09/2020;222;1;-0.222786885;0.12862069;-0.370532207;-1
1/10/2020;223;1;-0.203278689;0.108333333;-0.324714547;-1
2/10/2020;224;1;-0.149491525;0.117857143;-0.349901854;-1
3/10/2020;225;1;-0.1164;0.103333333;-0.379712904;-1
4/10/2020;226;1;-0.157111111;0.0945;-0.414995582;-1
5/10/2020;227;1;-0.181639344;0.103103448;-0.342768932;-1
6/10/2020;228;1;-0.206393443;0.110689655;-0.33767288;-1
7/10/2020;229;1;-0.183278689;0.114482759;-0.346465947;-1
8/10/2020;230;1;-0.177377049;0.123448276;-0.322698538;-1
9/10/2020;231;1;-0.109137931;0.132222222;-0.355001509;-1
10/10/2020;232;1;-0.055510204;0.104583333;-0.329651082;-1
11/10/2020;233;1;-0.08;0.089;-0.378859938;-1
12/10/2020;234;1;-0.451147541;0.173928571;-0.451539452;-1
13/10/2020;235;1;-0.174333333;0.13;-0.359820906;-1
14/10/2020;236;1;-0.161311475;0.132068966;-0.348528314;-1
15/10/2020;237;1;-0.167333333;0.13;-0.310891082;-1
16/10/2020;238;1;-0.092586207;0.136296296;-0.318769934;-1
17/10/2020;239;1;-0.053877551;0.11125;-0.328150894;-1
18/10/2020;240;1;-0.094;0.1045;-0.388194752;-1
19/10/2020;241;1;-0.140333333;0.133928571;-0.333789713;-1
20/10/2020;242;1;-0.160327869;0.134137931;-0.34255566;-1
21/10/2020;243;1;-0.143606557;0.125;-0.326736352;-1
22/10/2020;244;1;-0.161;0.127241379;-0.330636696;-1
23/10/2020;245;1;-0.092758621;0.135555556;-0.368674874;-1
24/10/2020;246;1;-0.038979592;0.110416667;-0.353960551;-1
25/10/2020;247;1;-0.057727273;0.0895;-0.381711397;-1
26/10/2020;248;1;-0.115932203;0.115517241;-0.302813995;-1
27/10/2020;249;1;-0.133166667;0.119310345;-0.311618056;-1
28/10/2020;250;1;-0.128666667;0.118965517;-0.320266018;-1
29/10/2020;251;1;-0.145333333;0.122068966;-0.322877924;-1
30/10/2020;252;1;-0.063157895;0.12037037;-0.319515721;-1
31/10/2020;253;1;-0.033061224;0.11125;-0.351513534;-1
1/11/2020;254;1;-0.080909091;0.105;-0.403124294;-1
2/11/2020;255;1;-0.429016393;0.1725;-0.416395257;-1
3/11/2020;256;1;-0.125833333;0.107241379;-0.279961829;-1
4/11/2020;257;1;-0.1215;0.110333333;-0.295962315;-1
5/11/2020;258;1;-0.143833333;0.121666667;-0.311339912;-1
6/11/2020;259;1;-0.075344828;0.127037037;-0.32533;-1
7/11/2020;260;1;0.003061224;0.098333333;-0.296548939;-1
8/11/2020;261;1;-0.032045455;0.1;-0.357219761;-1
9/11/2020;262;1;-0.105333333;0.12;-0.31951369;-1
10/11/2020;263;1;-0.128166667;0.11862069;-0.306762061;-1
11/11/2020;264;1;-0.125;0.116;-0.313322941;-1
12/11/2020;265;1;-0.119166667;0.110967742;-0.281456379;-1
13/11/2020;266;1;-0.065;0.124285714;-0.322523742;-1
14/11/2020;267;1;-0.076326531;0.121666667;-0.321130423;-1
15/11/2020;268;1;0.008372093;0.081;-0.288626708;-1
16/11/2020;269;1;-0.42442623;0.142758621;-0.40543404;-1
17/11/2020;270;1;-0.135666667;0.093333333;-0.315906614;-1
18/11/2020;271;1;-0.107213115;0.096333333;-0.268098235;-1
19/11/2020;272;1;-0.107833333;0.101612903;-0.245463816;-1
20/11/2020;273;1;-0.038214286;0.106428571;-0.262582619;-1
21/02/2020;0;2;0.108;0;-0.075023756;0
22/02/2020;1;2;0.052222222;0.005757576;-0.088190226;0
23/02/2020;2;2;-0.00625;0.020416667;-0.075854864;0
24/02/2020;3;2;0.121967213;-0.005945946;-0.083299847;0
25/02/2020;4;2;0.128333333;-0.008108108;-0.077375803;0
26/02/2020;5;2;0.110983607;-0.010263158;-0.057513178;0
27/02/2020;6;2;0.108064516;-0.010512821;-0.04148424;0
28/02/2020;7;2;0.186545455;-0.01972973;-0.012746843;0
29/02/2020;8;2;0.085098039;-0.011818182;0.002285131;0
1/03/2020;9;2;0.031538462;0.0075;0.003991214;0
2/03/2020;10;2;0.138813559;-0.015675676;0.032061913;0
3/03/2020;11;2;0.150333333;-0.016315789;0.001491898;0
4/03/2020;12;2;0.127580645;-0.014615385;-0.010750885;0
5/03/2020;13;2;0.122258065;-0.0145;-0.002121152;0
6/03/2020;14;2;0.196842105;-0.015405405;-0.040899386;0
7/03/2020;15;2;0.095098039;-0.000294118;-0.034158249;0
8/03/2020;16;2;0.044871795;0.009130435;-0.008049531;0
9/03/2020;17;2;0.128032787;-0.004594595;-0.045466668;0
10/03/2020;18;2;0.135166667;-0.008918919;-0.054832984;0
11/03/2020;19;2;0.108064516;-0.004210526;-0.055863801;0
12/03/2020;20;2;0.102258065;-0.002702703;-0.064692364;0
13/03/2020;21;2;0.169482759;-0.002972973;-0.089299723;0
14/03/2020;22;2;0.086326531;0.01030303;-0.079683119;0
15/03/2020;23;2;0.00575;0.037083333;-0.105329761;0
16/03/2020;24;2;-0.042857143;0.048333333;-0.08645452;0
17/03/2020;25;2;-0.109076923;0.083611111;-0.158365091;0
18/03/2020;26;2;-0.1853125;0.118285714;-0.237380205;0
19/03/2020;27;2;-0.223134328;0.135714286;-0.289511082;0
20/03/2020;28;2;-0.240307692;0.147575758;-0.307272498;0
21/03/2020;29;2;-0.652727273;0.316111111;-0.762619573;0
22/03/2020;30;2;-0.609230769;0.270588235;-0.807937843;0
23/03/2020;31;2;-0.778918919;0.373333333;-0.804015532;0
24/03/2020;32;2;-0.571216216;0.275;-0.612262315;-1
25/03/2020;33;2;-0.681643836;0.34;-0.753632139;-1
26/03/2020;34;2;-0.680133333;0.348636364;-0.741137864;-1
27/03/2020;35;2;-0.647972973;0.370454545;-0.74910925;-1
28/03/2020;36;2;-0.626515152;0.313684211;-0.7685861;-1
29/03/2020;37;2;-0.594901961;0.265625;-0.816908492;-1
30/03/2020;38;2;-0.648783784;0.33;-0.716608866;-1
31/03/2020;39;2;-0.643466667;0.323333333;-0.693270089;-1
1/04/2020;40;2;-0.65125;0.3272;-0.682277267;-1
2/04/2020;41;2;-0.648947368;0.34;-0.689979725;-1
3/04/2020;42;2;-0.61527027;0.357083333;-0.715319363;-1
4/04/2020;43;2;-0.617076923;0.3165;-0.76063795;-1
5/04/2020;44;2;-0.588846154;0.266875;-0.815754251;-1
6/04/2020;45;2;-0.638378378;0.329583333;-0.702382779;-1
7/04/2020;46;2;-0.633918919;0.322916667;-0.681288177;-1
8/04/2020;47;2;-0.633835616;0.3148;-0.668520152;-1
9/04/2020;48;2;-0.760921053;0.37;-0.772300051;-1
10/04/2020;49;2;-0.787671233;0.417647059;-0.842689389;-1
11/04/2020;50;2;-0.645076923;0.324444444;-0.79041458;-1
12/04/2020;51;2;-0.599807692;0.266875;-0.830396938;-1
13/04/2020;52;2;-0.602702703;0.3192;-0.699190932;-1
14/04/2020;53;2;-0.601081081;0.3212;-0.693289939;-1
15/04/2020;54;2;-0.597323944;0.3184;-0.671250919;-1
16/04/2020;55;2;-0.596315789;0.318461538;-0.67044135;-1
17/04/2020;56;2;-0.559859155;0.334615385;-0.68894991;-1
18/04/2020;57;2;-0.5771875;0.306818182;-0.76194824;-1
19/04/2020;58;2;-0.5798;0.261875;-0.826706278;-1
20/04/2020;59;2;-0.565810811;0.309230769;-0.68197428;-1
21/04/2020;60;2;-0.572465753;0.31;-0.684587383;-1
22/04/2020;61;2;-0.571830986;0.310384615;-0.679462626;-1
23/04/2020;62;2;-0.572837838;0.312307692;-0.67616973;-1
24/04/2020;63;2;-0.530882353;0.326538462;-0.69014066;-1
25/04/2020;64;2;-0.53453125;0.294782609;-0.745263283;-1
26/04/2020;65;2;-0.5428;0.2525;-0.805838755;-1
27/04/2020;66;2;-0.504027778;0.286296296;-0.653676006;-1
28/04/2020;67;2;-0.50125;0.273703704;-0.638563794;-1
29/04/2020;68;2;-0.507887324;0.278148148;-0.624028607;-1
30/04/2020;69;2;-0.495;0.268148148;-0.598471094;-1
1/05/2020;70;2;-0.628571429;0.356363636;-0.700295139;-1
2/05/2020;71;2;-0.498548387;0.282916667;-0.710903465;-1
3/05/2020;72;2;-0.510612245;0.248235294;-0.777602202;-1
4/05/2020;73;2;-0.456428571;0.258666667;-0.598866697;-1
5/05/2020;74;2;-0.44971831;0.259666667;-0.584574117;-1
6/05/2020;75;2;-0.446478873;0.26;-0.565389682;-1
7/05/2020;76;2;-0.442191781;0.261612903;-0.558109494;-1
8/05/2020;77;2;-0.393432836;0.270333333;-0.564629289;-1
9/05/2020;78;2;-0.405737705;0.26;-0.646064471;-1
10/05/2020;79;2;-0.401777778;0.221764706;-0.713056407;-1
11/05/2020;80;2;-0.392647059;0.241935484;-0.56095719;-1
12/05/2020;81;2;-0.385070423;0.243870968;-0.552259259;-1
13/05/2020;82;2;-0.399571429;0.246774194;-0.553741522;-1
14/05/2020;83;2;-0.403521127;0.242580645;-0.542726092;-1
15/05/2020;84;2;-0.361515152;0.251290323;-0.550383503;-1
16/05/2020;85;2;-0.367333333;0.2372;-0.616996324;-1
17/05/2020;86;2;-0.416595745;0.221111111;-0.715113115;-1
18/05/2020;87;2;-0.349701493;0.224848485;-0.521990107;-1
19/05/2020;88;2;-0.359285714;0.23483871;-0.527258685;-1
20/05/2020;89;2;-0.360724638;0.228484848;-0.504303799;-1
21/05/2020;90;2;-0.367647059;0.231875;-0.500070085;-1
22/05/2020;91;2;-0.303230769;0.2378125;-0.524686755;-1
23/05/2020;92;2;-0.303898305;0.218;-0.593662853;-1
24/05/2020;93;2;-0.380638298;0.207222222;-0.696872817;-1
25/05/2020;94;2;-0.622083333;0.3036;-0.667827435;-1
26/05/2020;95;2;-0.303768116;0.204117647;-0.483544157;-1
27/05/2020;96;2;-0.324477612;0.22030303;-0.480130072;-1
28/05/2020;97;2;-0.319117647;0.219411765;-0.483596314;-1
29/05/2020;98;2;-0.264375;0.2284375;-0.48706722;-1
30/05/2020;99;2;-0.222631579;0.207037037;-0.557107733;-1
31/05/2020;100;2;-0.238333333;0.191052632;-0.633505068;-1
1/06/2020;101;2;-0.264090909;0.19;-0.42569228;-1
2/06/2020;102;2;-0.264117647;0.192352941;-0.410696994;-1
3/06/2020;103;2;-0.3;0.203714286;-0.449436534;-1
4/06/2020;104;2;-0.276029412;0.193428571;-0.404223292;-1
5/06/2020;105;2;-0.22015625;0.203333333;-0.434962452;-1
6/06/2020;106;2;-0.186896552;0.165555556;-0.498629336;-1
7/06/2020;107;2;-0.215714286;0.1625;-0.611653227;-1
8/06/2020;108;2;-0.212588235;0.180857143;-0.422779221;-1
9/06/2020;109;2;-0.225;0.187352941;-0.434765873;-1
10/06/2020;110;2;-0.228488372;0.187352941;-0.420315571;-1
11/06/2020;111;2;-0.233595506;0.187142857;-0.421700216;-1
12/06/2020;112;2;-0.168139535;0.196060606;-0.432350115;-1
13/06/2020;113;2;-0.093125;0.156551724;-0.449416321;-1
14/06/2020;114;2;-0.146621622;0.158095238;-0.576195463;-1
15/06/2020;115;2;-0.507954545;0.2648;-0.592112776;-1
16/06/2020;116;2;-0.184659091;0.162352941;-0.368161141;-1
17/06/2020;117;2;-0.220930233;0.174285714;-0.39009835;-1
18/06/2020;118;2;-0.228863636;0.174285714;-0.397339286;-1
19/06/2020;119;2;-0.142380952;0.161764706;-0.350770692;-1
20/06/2020;120;2;-0.06825;0.1496875;-0.43048463;-1
21/06/2020;121;2;-0.054109589;0.137619048;-0.542353885;-1
22/06/2020;122;2;-0.526;0.2608;-0.611351961;-1
23/06/2020;123;2;-0.19625;0.162647059;-0.387333333;-1
24/06/2020;124;2;-0.203488372;0.168285714;-0.37845684;-1
25/06/2020;125;2;-0.220795455;0.170857143;-0.377972906;-1
26/06/2020;126;2;-0.155238095;0.178181818;-0.399659605;-1
27/06/2020;127;2;-0.079487179;0.138709677;-0.414029695;-1
28/06/2020;128;2;-0.135675676;0.149047619;-0.551974573;-1
29/06/2020;129;2;-0.518111111;0.244615385;-0.56247381;-1
30/06/2020;130;2;-0.184090909;0.150294118;-0.32990058;-1
1/07/2020;131;2;-0.198837209;0.154;-0.317409884;-1
2/07/2020;132;2;-0.212840909;0.158285714;-0.325325893;-1
3/07/2020;133;2;-0.138235294;0.167878788;-0.351327219;-1
4/07/2020;134;2;-0.077948718;0.142903226;-0.408345254;-1
5/07/2020;135;2;-0.118493151;0.1475;-0.522647657;-1
6/07/2020;136;2;-0.202117647;0.162647059;-0.376187739;-1
7/07/2020;137;2;-0.216704545;0.166176471;-0.373358128;-1
8/07/2020;138;2;-0.217674419;0.166470588;-0.377819323;-1
9/07/2020;139;2;-0.229213483;0.168529412;-0.375457143;-1
10/07/2020;140;2;-0.163058824;0.178787879;-0.409910374;-1
11/07/2020;141;2;-0.100121951;0.147;-0.445847247;-1
12/07/2020;142;2;-0.139594595;0.1505;-0.553993806;-1
13/07/2020;143;2;-0.227701149;0.170909091;-0.409594569;-1
14/07/2020;144;2;-0.233483146;0.171212121;-0.400720155;-1
15/07/2020;145;2;-0.232183908;0.172727273;-0.396687075;-1
16/07/2020;146;2;-0.25011236;0.161818182;-0.356582294;-1
17/07/2020;147;2;-0.244534884;0.2375;-0.524456699;-1
18/07/2020;148;2;-0.194814815;0.201785714;-0.565899646;-1
19/07/2020;149;2;-0.24972973;0.187222222;-0.669915552;-1
20/07/2020;150;2;-0.575777778;0.285789474;-0.68936603;-1
21/07/2020;151;2;-0.230224719;0.158181818;-0.391457837;-1
22/07/2020;152;2;-0.243820225;0.172727273;-0.396188498;-1
23/07/2020;153;2;-0.251333333;0.174545455;-0.399489827;-1
24/07/2020;154;2;-0.23862069;0.236060606;-0.526363852;-1
25/07/2020;155;2;-0.211097561;0.226206897;-0.601818681;-1
26/07/2020;156;2;-0.244657534;0.202222222;-0.690144748;-1
27/07/2020;157;2;-0.234367816;0.166666667;-0.390984197;-1
28/07/2020;158;2;-0.230227273;0.17030303;-0.389791284;-1
29/07/2020;159;2;-0.248068182;0.17;-0.382571594;-1
30/07/2020;160;2;-0.252444444;0.16969697;-0.365840958;-1
31/07/2020;161;2;-0.224942529;0.221875;-0.474043292;-1
1/08/2020;162;2;-0.19443038;0.212758621;-0.551828808;-1
2/08/2020;163;2;-0.251891892;0.195882353;-0.666478735;-1
3/08/2020;164;2;-0.23816092;0.167878788;-0.377912953;-1
4/08/2020;165;2;-0.226704545;0.167878788;-0.348995356;-1
5/08/2020;166;2;-0.231724138;0.165294118;-0.338702775;-1
6/08/2020;167;2;-0.233666667;0.143235294;-0.295884725;-1
7/08/2020;168;2;-0.452333333;0.305769231;-0.616409413;-1
8/08/2020;169;2;-0.246506024;0.228846154;-0.597643846;-1
9/08/2020;170;2;-0.275789474;0.198235294;-0.688208579;-1
10/08/2020;171;2;-0.220804598;0.153333333;-0.366998199;-1
11/08/2020;172;2;-0.234157303;0.166969697;-0.377908104;-1
12/08/2020;173;2;-0.229069767;0.165;-0.372677518;-1
13/08/2020;174;2;-0.241222222;0.171818182;-0.390771085;-1
14/08/2020;175;2;-0.177471264;0.169393939;-0.384156838;-1
15/08/2020;176;2;-0.194390244;0.204285714;-0.553935803;-1
16/08/2020;177;2;-0.246666667;0.178823529;-0.650378749;-1
17/08/2020;178;2;-0.694516129;0.282;-0.703327575;-1
18/08/2020;179;2;-0.285;0.146470588;-0.368875;-1
19/08/2020;180;2;-0.313703704;0.168823529;-0.401114583;-1
20/08/2020;181;2;-0.31;0.161428571;-0.389197917;-1
21/08/2020;182;2;-0.2608;0.175757576;-0.415511031;-1
22/08/2020;183;2;-0.196818182;0.157333333;-0.466296119;-1
23/08/2020;184;2;-0.147058824;0.147777778;-0.577958333;-1
24/08/2020;185;2;-0.287407407;0.164545455;-0.421430556;-1
25/08/2020;186;2;-0.294230769;0.161176471;-0.407972222;-1
26/08/2020;187;2;-0.29;0.158;-0.397697712;-1
27/08/2020;188;2;-0.295925926;0.157714286;-0.394007966;-1
28/08/2020;189;2;-0.2364;0.162424242;-0.385238062;-1
29/08/2020;190;2;-0.169090909;0.140645161;-0.432564035;-1
30/08/2020;191;2;-0.100588235;0.121578947;-0.48109375;-1
31/08/2020;192;2;-0.274230769;0.148181818;-0.355418709;-1
1/09/2020;193;2;-0.272692308;0.138235294;-0.298090278;-1
2/09/2020;194;2;-0.285555556;0.137428571;-0.313414011;-1
3/09/2020;195;2;-0.288888889;0.14;-0.320362541;-1
4/09/2020;196;2;-0.2336;0.143333333;-0.324755615;-1
5/09/2020;197;2;-0.12047619;0.096451613;-0.294259785;-1
6/09/2020;198;2;-0.087058824;0.077368421;-0.354116093;-1
7/09/2020;199;2;-0.275384615;0.128529412;-0.327156863;-1
8/09/2020;200;2;-0.282307692;0.136764706;-0.326111111;-1
9/09/2020;201;2;-0.278888889;0.129411765;-0.31986009;-1
10/09/2020;202;2;-0.284444444;0.132058824;-0.313589665;-1
11/09/2020;203;2;-0.165813953;0.140909091;-0.305381681;-1
12/09/2020;204;2;-0.069493671;0.0915625;-0.268035166;-1
13/09/2020;205;2;-0.087777778;0.079473684;-0.308344716;-1
14/09/2020;206;2;-0.168604651;0.122647059;-0.270019157;-1
15/09/2020;207;2;-0.175227273;0.127647059;-0.2424706;-1
16/09/2020;208;2;-0.193563218;0.130285714;-0.254841131;-1
17/09/2020;209;2;-0.208089888;0.13;-0.249421903;-1
18/09/2020;210;2;-0.138023256;0.132424242;-0.282041324;-1
19/09/2020;211;2;-0.042179487;0.0809375;-0.202983675;-1
20/09/2020;212;2;-0.074583333;0.073157895;-0.290851511;-1
21/09/2020;213;2;-0.197790698;0.13;-0.273966475;-1
22/09/2020;214;2;-0.194772727;0.126176471;-0.257426512;-1
23/09/2020;215;2;-0.201395349;0.1325;-0.283075684;-1
24/09/2020;216;2;-0.214831461;0.132195122;-0.283827614;-1
25/09/2020;217;2;-0.137294118;0.13;-0.283008223;-1
26/09/2020;218;2;-0.04835443;0.08825;-0.24545218;-1
27/09/2020;219;2;-0.080972222;0.081290323;-0.285259804;-1
28/09/2020;220;2;-0.178235294;0.1215;-0.263892233;-1
29/09/2020;221;2;-0.189431818;0.126;-0.274300997;-1
30/09/2020;222;2;-0.203953488;0.11;-0.23634525;-1
1/10/2020;223;2;-0.186629213;0.09902439;-0.204501734;-1
2/10/2020;224;2;-0.121882353;0.105;-0.236586376;-1
3/10/2020;225;2;-0.063670886;0.0705;-0.215944462;-1
4/10/2020;226;2;-0.078194444;0.067096774;-0.251819642;-1
5/10/2020;227;2;-0.189302326;0.094;-0.211271194;-1
6/10/2020;228;2;-0.189659091;0.0935;-0.204341127;-1
7/10/2020;229;2;-0.18;0.100731707;-0.232984078;-1
8/10/2020;230;2;-0.184269663;0.105121951;-0.201239516;-1
9/10/2020;231;2;-0.121294118;0.106;-0.232807852;-1
10/10/2020;232;2;-0.035194805;0.064;-0.154654012;-1
11/10/2020;233;2;-0.060833333;0.054193548;-0.168072461;-1
12/10/2020;234;2;-0.526404494;0.141;-0.278984557;-1
13/10/2020;235;2;-0.172727273;0.1085;-0.225083002;-1
14/10/2020;236;2;-0.168837209;0.117317073;-0.235447231;-1
15/10/2020;237;2;-0.173908046;0.114390244;-0.204383442;-1
16/10/2020;238;2;-0.103529412;0.11875;-0.231012003;-1
17/10/2020;239;2;-0.022658228;0.0825;-0.211804018;-1
18/10/2020;240;2;-0.043802817;0.080967742;-0.252871266;-1
19/10/2020;241;2;-0.165116279;0.118;-0.249577991;-1
20/10/2020;242;2;-0.171818182;0.119;-0.235929739;-1
21/10/2020;243;2;-0.168604651;0.116341463;-0.251739538;-1
22/10/2020;244;2;-0.168636364;0.114878049;-0.229720831;-1
23/10/2020;245;2;-0.105647059;0.11975;-0.2607636;-1
24/10/2020;246;2;-0.023461538;0.08875;-0.251033001;-1
25/10/2020;247;2;-0.02028169;0.075;-0.247314312;-1
26/10/2020;248;2;-0.150229885;0.11025;-0.232491835;-1
27/10/2020;249;2;-0.170344828;0.11775;-0.248267915;-1
28/10/2020;250;2;-0.16;0.114390244;-0.239907059;-1
29/10/2020;251;2;-0.163068182;0.114146341;-0.230898104;-1
30/10/2020;252;2;-0.099058824;0.11925;-0.248900914;-1
31/10/2020;253;2;-0.067088608;0.115;-0.280501537;-1
1/11/2020;254;2;-0.061805556;0.100666667;-0.276138695;-1
2/11/2020;255;2;-0.510340909;0.1835;-0.327743696;-1
3/11/2020;256;2;-0.134772727;0.093170732;-0.160944616;-1
4/11/2020;257;2;-0.146162791;0.108780488;-0.203925856;-1
5/11/2020;258;2;-0.152613636;0.109268293;-0.198358791;-1
6/11/2020;259;2;-0.093882353;0.11725;-0.256606621;-1
7/11/2020;260;2;0.004358974;0.077948718;-0.219331683;-1
8/11/2020;261;2;0.002957746;0.07483871;-0.237184168;-1
9/11/2020;262;2;-0.147411765;0.1145;-0.250182885;-1
10/11/2020;263;2;-0.15045977;0.11425;-0.238435754;-1
11/11/2020;264;2;-0.151627907;0.115121951;-0.245149873;-1
12/11/2020;265;2;-0.15752809;0.113658537;-0.226340852;-1
13/11/2020;266;2;-0.089411765;0.117;-0.253114168;-1
14/11/2020;267;2;-0.003246753;0.06375;-0.122915327;-1
15/11/2020;268;2;0.00915493;0.0584375;-0.117305483;-1
16/11/2020;269;2;-0.498045977;0.15425;-0.259880252;-1
17/11/2020;270;2;-0.140227273;0.098536585;-0.192522512;-1
18/11/2020;271;2;-0.13255814;0.105121951;-0.197297735;-1
19/11/2020;272;2;-0.139886364;0.105365854;-0.191286323;-1
20/11/2020;273;2;-0.070117647;0.1095;-0.23568634;-1
21/02/2020;0;3;0.153333333;-0.013333333;-0.056396448;0
22/02/2020;1;3;0.046956522;0.011428571;-0.092852941;0
23/02/2020;2;3;-0.044666667;0.032307692;-0.103871639;0
24/02/2020;3;3;0.163333333;-0.015;-0.048967525;0
25/02/2020;4;3;0.178333333;-0.022;-0.07346265;0
26/02/2020;5;3;0.1425;-0.025882353;-0.048312816;0
27/02/2020;6;3;0.14;-0.023529412;-0.065009295;0
28/02/2020;7;3;0.20625;-0.0375;-0.011572646;0
29/02/2020;8;3;0.08;-0.014;-0.003045461;0
1/03/2020;9;3;0.002;0;0.022185102;0
2/03/2020;10;3;0.18125;-0.025;0.012803411;0
3/03/2020;11;3;0.197083333;-0.02875;0.001918907;0
4/03/2020;12;3;0.16875;-0.03;0.022823232;0
5/03/2020;13;3;0.17;-0.032352941;0.004266862;0
6/03/2020;14;3;0.217083333;-0.03625;0.012509085;0
7/03/2020;15;3;0.088095238;0.003333333;-0.022532367;0
8/03/2020;16;3;0.004666667;0.014615385;0.013458876;0
9/03/2020;17;3;0.183333333;-0.013529412;-0.042070707;0
10/03/2020;18;3;0.194583333;-0.015;-0.065434389;0
11/03/2020;19;3;0.15375;-0.019411765;-0.038319129;0
12/03/2020;20;3;0.147916667;-0.015625;-0.057717247;0
13/03/2020;21;3;0.181666667;-0.011875;-0.066496753;0
14/03/2020;22;3;0.065652174;0.021428571;-0.081761889;0
15/03/2020;23;3;-0.032;0.046153846;-0.131720343;0
16/03/2020;24;3;0.010416667;0.054666667;-0.065751978;0
17/03/2020;25;3;-0.062;0.09;-0.09499035;0
18/03/2020;26;3;-0.1456;0.11;-0.087652406;0
19/03/2020;27;3;-0.178846154;0.082666667;0.019478632;0
20/03/2020;28;3;-0.666785714;0.423076923;-0.719000557;0
21/03/2020;29;3;-0.627307692;0.350909091;-0.710797816;0
22/03/2020;30;3;-0.584761905;0.275;-0.764283154;0
23/03/2020;31;3;-0.775172414;0.446;-0.72975898;0
24/03/2020;32;3;-0.571153846;0.318461538;-0.531673865;-1
25/03/2020;33;3;-0.667241379;0.388461538;-0.685381106;-1
26/03/2020;34;3;-0.674642857;0.385384615;-0.65428125;-1
27/03/2020;35;3;-0.660384615;0.411538462;-0.672941176;-1
28/03/2020;36;3;-0.612307692;0.345454545;-0.707436869;-1
29/03/2020;37;3;-0.59952381;0.278333333;-0.794498336;-1
30/03/2020;38;3;-0.649259259;0.377692308;-0.6444375;-1
31/03/2020;39;3;-0.6375;0.37;-0.613091856;-1
1/04/2020;40;3;-0.651071429;0.377692308;-0.641693317;-1
2/04/2020;41;3;-0.660769231;0.372307692;-0.598371212;-1
3/04/2020;42;3;-0.635384615;0.396153846;-0.640486018;-1
4/04/2020;43;3;-0.592;0.34;-0.702637892;-1
5/04/2020;44;3;-0.590952381;0.268;-0.788532706;-1
6/04/2020;45;3;-0.632222222;0.370769231;-0.624067235;-1
7/04/2020;46;3;-0.625;0.359230769;-0.585601326;-1
8/04/2020;47;3;-0.636296296;0.354615385;-0.585205177;-1
9/04/2020;48;3;-0.7690625;0.431;-0.718327381;-1
10/04/2020;49;3;-0.813666667;0.508333333;-0.819584722;-1
11/04/2020;50;3;-0.636153846;0.362;-0.750725751;-1
12/04/2020;51;3;-0.592272727;0.278333333;-0.803715686;-1
13/04/2020;52;3;-0.606153846;0.366153846;-0.615584341;-1
14/04/2020;53;3;-0.604074074;0.363846154;-0.626833333;-1
15/04/2020;54;3;-0.606923077;0.358461538;-0.604296875;-1
16/04/2020;55;3;-0.604444444;0.36;-0.609199811;-1
17/04/2020;56;3;-0.587692308;0.372307692;-0.614075193;-1
18/04/2020;57;3;-0.57;0.3475;-0.737720588;-1
19/04/2020;58;3;-0.574;0.277142857;-0.804005071;-1
20/04/2020;59;3;-0.566153846;0.349230769;-0.594021402;-1
21/04/2020;60;3;-0.570384615;0.347692308;-0.606280637;-1
22/04/2020;61;3;-0.578076923;0.35;-0.613955966;-1
23/04/2020;62;3;-0.583461538;0.345384615;-0.592481618;-1
24/04/2020;63;3;-0.551923077;0.363076923;-0.612320116;-1
25/04/2020;64;3;-0.5444;0.331538462;-0.724311275;-1
26/04/2020;65;3;-0.5355;0.267142857;-0.794379648;-1
27/04/2020;66;3;-0.499230769;0.323076923;-0.542960373;-1
28/04/2020;67;3;-0.513461538;0.316923077;-0.554090272;-1
29/04/2020;68;3;-0.518076923;0.317692308;-0.531743495;-1
30/04/2020;69;3;-0.510384615;0.306923077;-0.518272321;-1
1/05/2020;70;3;-0.684827586;0.418333333;-0.646481005;-1
2/05/2020;71;3;-0.505;0.311538462;-0.678839738;-1
3/05/2020;72;3;-0.5305;0.263333333;-0.797580234;-1
4/05/2020;73;3;-0.461153846;0.303846154;-0.501361001;-1
5/05/2020;74;3;-0.460384615;0.304615385;-0.497176046;-1
6/05/2020;75;3;-0.465384615;0.304615385;-0.480715498;-1
7/05/2020;76;3;-0.465;0.300769231;-0.458351716;-1
8/05/2020;77;3;-0.423461538;0.316923077;-0.476541774;-1
9/05/2020;78;3;-0.419166667;0.277692308;-0.607135218;-1
10/05/2020;79;3;-0.452;0.24125;-0.72446992;-1
11/05/2020;80;3;-0.4052;0.286923077;-0.446325161;-1
12/05/2020;81;3;-0.401538462;0.289230769;-0.457186934;-1
13/05/2020;82;3;-0.418461538;0.291428571;-0.458015177;-1
14/05/2020;83;3;-0.426538462;0.287142857;-0.447510027;-1
15/05/2020;84;3;-0.386538462;0.294615385;-0.444529022;-1
16/05/2020;85;3;-0.377916667;0.273076923;-0.595615419;-1
17/05/2020;86;3;-0.443;0.247142857;-0.736664216;-1
18/05/2020;87;3;-0.368;0.272666667;-0.414257392;-1
19/05/2020;88;3;-0.38;0.287142857;-0.441891693;-1
20/05/2020;89;3;-0.383076923;0.279285714;-0.414421663;-1
21/05/2020;90;3;-0.386153846;0.278666667;-0.417668155;-1
22/05/2020;91;3;-0.378461538;0.296428571;-0.445446516;-1
23/05/2020;92;3;-0.33875;0.283846154;-0.636593137;-1
24/05/2020;93;3;-0.417;0.24625;-0.73001419;-1
25/05/2020;94;3;-0.655714286;0.39;-0.617900298;-1
26/05/2020;95;3;-0.33;0.256;-0.413924279;-1
27/05/2020;96;3;-0.3592;0.27;-0.400408701;-1
28/05/2020;97;3;-0.36;0.272666667;-0.41691369;-1
29/05/2020;98;3;-0.3204;0.275333333;-0.403469394;-1
30/05/2020;99;3;-0.276666667;0.254615385;-0.599955176;-1
31/05/2020;100;3;-0.342105263;0.235;-0.694612358;-1
1/06/2020;101;3;-0.3084;0.254;-0.348984375;-1
2/06/2020;102;3;-0.3088;0.254;-0.355253653;-1
3/06/2020;103;3;-0.3264;0.262;-0.378388889;-1
4/06/2020;104;3;-0.320769231;0.255333333;-0.351135472;-1
5/06/2020;105;3;-0.2856;0.260666667;-0.372864666;-1
6/06/2020;106;3;-0.258333333;0.248461538;-0.563288659;-1
7/06/2020;107;3;-0.324736842;0.231;-0.681248857;-1
8/06/2020;108;3;-0.207894737;0.244;-0.341839767;-1
9/06/2020;109;3;-0.221842105;0.246666667;-0.366773245;-1
10/06/2020;110;3;-0.243157895;0.248666667;-0.365674948;-1
11/06/2020;111;3;-0.249736842;0.248666667;-0.359416778;-1
12/06/2020;112;3;-0.216052632;0.258;-0.396257089;-1
13/06/2020;113;3;-0.148857143;0.226153846;-0.51561769;-1
14/06/2020;114;3;-0.2621875;0.220909091;-0.675709273;-1
15/06/2020;115;3;-0.533947368;0.355384615;-0.541375336;-1
16/06/2020;116;3;-0.186578947;0.222;-0.291461357;-1
17/06/2020;117;3;-0.223684211;0.234;-0.323930235;-1
18/06/2020;118;3;-0.242631579;0.234;-0.332715686;-1
19/06/2020;119;3;-0.173947368;0.216666667;-0.271744398;-1
20/06/2020;120;3;-0.108285714;0.205384615;-0.48107556;-1
21/06/2020;121;3;-0.156896552;0.192307692;-0.605812504;-1
22/06/2020;122;3;-0.532105263;0.352307692;-0.552312138;-1
23/06/2020;123;3;-0.198157895;0.214;-0.322694805;-1
24/06/2020;124;3;-0.213684211;0.226;-0.309973429;-1
25/06/2020;125;3;-0.223421053;0.224666667;-0.314447861;-1
26/06/2020;126;3;-0.183947368;0.232666667;-0.328050534;-1
27/06/2020;127;3;-0.12;0.195384615;-0.446595305;-1
28/06/2020;128;3;-0.232580645;0.209166667;-0.618720238;-1
29/06/2020;129;3;-0.511578947;0.333076923;-0.47136205;-1
30/06/2020;130;3;-0.172894737;0.197333333;-0.248866919;-1
1/07/2020;131;3;-0.207631579;0.206666667;-0.278672969;-1
2/07/2020;132;3;-0.213421053;0.209333333;-0.261987745;-1
3/07/2020;133;3;-0.165263158;0.212;-0.254340304;-1
4/07/2020;134;3;-0.083428571;0.183846154;-0.402434389;-1
5/07/2020;135;3;-0.184;0.182307692;-0.525089792;-1
6/07/2020;136;3;-0.202631579;0.218;-0.309562806;-1
7/07/2020;137;3;-0.194473684;0.214;-0.275669086;-1
8/07/2020;138;3;-0.206842105;0.215333333;-0.312184492;-1
9/07/2020;139;3;-0.218157895;0.216666667;-0.300795868;-1
10/07/2020;140;3;-0.181315789;0.228666667;-0.319273091;-1
11/07/2020;141;3;-0.096857143;0.183846154;-0.409816176;-1
12/07/2020;142;3;-0.194482759;0.1875;-0.550172306;-1
13/07/2020;143;3;-0.212631579;0.230666667;-0.325782531;-1
14/07/2020;144;3;-0.216842105;0.228;-0.313134072;-1
15/07/2020;145;3;-0.229736842;0.228666667;-0.317538866;-1
16/07/2020;146;3;-0.232368421;0.221333333;-0.296732843;-1
17/07/2020;147;3;-0.200526316;0.241333333;-0.323411713;-1
18/07/2020;148;3;-0.149117647;0.215384615;-0.465735493;-1
19/07/2020;149;3;-0.24516129;0.216363636;-0.640978485;-1
20/07/2020;150;3;-0.550526316;0.366923077;-0.553104573;-1
21/07/2020;151;3;-0.203157895;0.217333333;-0.323708461;-1
22/07/2020;152;3;-0.227894737;0.226;-0.308796346;-1
23/07/2020;153;3;-0.245;0.239333333;-0.33279902;-1
24/07/2020;154;3;-0.218684211;0.257333333;-0.356092373;-1
25/07/2020;155;3;-0.165945946;0.226923077;-0.496008538;-1
26/07/2020;156;3;-0.225357143;0.216666667;-0.6147216;-1
27/07/2020;157;3;-0.217368421;0.236666667;-0.331997855;-1
28/07/2020;158;3;-0.224736842;0.236666667;-0.329489313;-1
29/07/2020;159;3;-0.238684211;0.234666667;-0.317922014;-1
30/07/2020;160;3;-0.251315789;0.234666667;-0.326330065;-1
31/07/2020;161;3;-0.213157895;0.248;-0.327369582;-1
1/08/2020;162;3;-0.140571429;0.203076923;-0.402536765;-1
2/08/2020;163;3;-0.246333333;0.209230769;-0.588307957;-1
3/08/2020;164;3;-0.229736842;0.236666667;-0.298852328;-1
4/08/2020;165;3;-0.226315789;0.238666667;-0.304113489;-1
5/08/2020;166;3;-0.240263158;0.234;-0.296403743;-1
6/08/2020;167;3;-0.233421053;0.211333333;-0.250128788;-1
7/08/2020;168;3;-0.481052632;0.384615385;-0.589586881;-1
8/08/2020;169;3;-0.19972973;0.249230769;-0.547073529;-1
9/08/2020;170;3;-0.249;0.218181818;-0.644054326;-1
10/08/2020;171;3;-0.206052632;0.223333333;-0.307163352;-1
11/08/2020;172;3;-0.214473684;0.223333333;-0.307642541;-1
12/08/2020;173;3;-0.228421053;0.225333333;-0.323800357;-1
13/08/2020;174;3;-0.241842105;0.226;-0.317695028;-1
14/08/2020;175;3;-0.196578947;0.239333333;-0.346951709;-1
15/08/2020;176;3;-0.093030303;0.183076923;-0.377197237;-1
16/08/2020;177;3;-0.202068966;0.190833333;-0.548184054;-1
17/08/2020;178;3;-0.655;0.346153846;-0.591452381;-1
18/08/2020;179;3;-0.292857143;0.207333333;-0.355979167;-1
19/08/2020;180;3;-0.327857143;0.219333333;-0.3809375;-1
20/08/2020;181;3;-0.330714286;0.218666667;-0.391333333;-1
21/08/2020;182;3;-0.288571429;0.231333333;-0.394111111;-1
22/08/2020;183;3;-0.140833333;0.183846154;-0.448333333;-1
23/08/2020;184;3;-0.214444444;0.195;-0.576865079;-1
24/08/2020;185;3;-0.305714286;0.22;-0.39975;-1
25/08/2020;186;3;-0.302142857;0.218666667;-0.386020833;-1
26/08/2020;187;3;-0.310714286;0.215333333;-0.390854167;-1
27/08/2020;188;3;-0.308571429;0.211333333;-0.3895;-1
28/08/2020;189;3;-0.262142857;0.214666667;-0.353020833;-1
29/08/2020;190;3;-0.110833333;0.161538462;-0.398293651;-1
30/08/2020;191;3;-0.15625;0.166666667;-0.482823184;-1
31/08/2020;192;3;-0.287142857;0.201333333;-0.35825;-1
1/09/2020;193;3;-0.284285714;0.19;-0.276125;-1
2/09/2020;194;3;-0.308571429;0.195333333;-0.325729167;-1
3/09/2020;195;3;-0.302142857;0.185333333;-0.289229167;-1
4/09/2020;196;3;-0.255714286;0.188666667;-0.283020833;-1
5/09/2020;197;3;-0.09;0.121538462;-0.265661526;-1
6/09/2020;198;3;-0.076666667;0.112307692;-0.303178571;-1
7/09/2020;199;3;-0.292142857;0.183333333;-0.289666667;-1
8/09/2020;200;3;-0.286428571;0.186;-0.309416667;-1
9/09/2020;201;3;-0.287857143;0.179333333;-0.309285714;-1
10/09/2020;202;3;-0.304285714;0.187333333;-0.318354167;-1
11/09/2020;203;3;-0.186842105;0.202666667;-0.253855994;-1
12/09/2020;204;3;-0.075882353;0.133846154;-0.214818382;-1
13/09/2020;205;3;-0.125;0.113076923;-0.239699815;-1
14/09/2020;206;3;-0.155;0.183333333;-0.245191355;-1
15/09/2020;207;3;-0.144736842;0.179333333;-0.202640408;-1
16/09/2020;208;3;-0.186315789;0.179333333;-0.234151989;-1
17/09/2020;209;3;-0.194473684;0.174;-0.196371326;-1
18/09/2020;210;3;-0.138421053;0.173333333;-0.178533626;-1
19/09/2020;211;3;-0.054117647;0.114615385;-0.16728931;-1
20/09/2020;212;3;-0.063448276;0.0825;-0.202157738;-1
21/09/2020;213;3;-0.183157895;0.19;-0.217610215;-1
22/09/2020;214;3;-0.167105263;0.174666667;-0.199117965;-1
23/09/2020;215;3;-0.185263158;0.185;-0.245440972;-1
24/09/2020;216;3;-0.198684211;0.177777778;-0.234802357;-1
25/09/2020;217;3;-0.142105263;0.174444444;-0.202884159;-1
26/09/2020;218;3;-0.041515152;0.115333333;-0.1761636;-1
27/09/2020;219;3;-0.097666667;0.096428571;-0.194818452;-1
28/09/2020;220;3;-0.153947368;0.173888889;-0.226033154;-1
29/09/2020;221;3;-0.152894737;0.172777778;-0.218247437;-1
30/09/2020;222;3;-0.179473684;0.161111111;-0.219307018;-1
1/10/2020;223;3;-0.164473684;0.148888889;-0.184008929;-1
2/10/2020;224;3;-0.120789474;0.147222222;-0.15097619;-1
3/10/2020;225;3;-0.048235294;0.087333333;-0.111602244;-1
4/10/2020;226;3;-0.095666667;0.074285714;-0.107748431;-1
5/10/2020;227;3;-0.160263158;0.139444444;-0.155864035;-1
6/10/2020;228;3;-0.149736842;0.137777778;-0.129043103;-1
7/10/2020;229;3;-0.151052632;0.137222222;-0.127679211;-1
8/10/2020;230;3;-0.168684211;0.140555556;-0.111348485;-1
9/10/2020;231;3;-0.134324324;0.139444444;-0.126696429;-1
10/10/2020;232;3;-0.033030303;0.083333333;-0.06879662;-1
11/10/2020;233;3;-0.076551724;0.066428571;-0.044113007;-1
12/10/2020;234;3;-0.523947368;0.205;-0.195154451;-1
13/10/2020;235;3;-0.132105263;0.142222222;-0.169757937;-1
14/10/2020;236;3;-0.142631579;0.158333333;-0.197131031;-1
15/10/2020;237;3;-0.146578947;0.156111111;-0.166315505;-1
16/10/2020;238;3;-0.104594595;0.158888889;-0.1715;-1
17/10/2020;239;3;-0.010909091;0.1;-0.154603901;-1
18/10/2020;240;3;-0.042413793;0.085714286;-0.159816565;-1
19/10/2020;241;3;-0.137105263;0.158888889;-0.220276316;-1
20/10/2020;242;3;-0.137105263;0.16;-0.19134187;-1
21/10/2020;243;3;-0.139210526;0.167777778;-0.20580914;-1
22/10/2020;244;3;-0.140263158;0.156111111;-0.182782194;-1
23/10/2020;245;3;-0.099459459;0.153888889;-0.174583333;-1
24/10/2020;246;3;0.00875;0.098666667;-0.15865251;-1
25/10/2020;247;3;-0.026551724;0.08;-0.12729212;-1
26/10/2020;248;3;-0.118421053;0.153888889;-0.208138889;-1
27/10/2020;249;3;-0.118684211;0.153888889;-0.205088629;-1
28/10/2020;250;3;-0.125526316;0.155;-0.211640625;-1
29/10/2020;251;3;-0.122368421;0.142777778;-0.152334701;-1
30/10/2020;252;3;-0.077027027;0.141111111;-0.147228175;-1
31/10/2020;253;3;0.005625;0.083333333;-0.099928159;-1
1/11/2020;254;3;-0.043214286;0.082857143;-0.1645;-1
2/11/2020;255;3;-0.482894737;0.209444444;-0.149290179;-1
3/11/2020;256;3;-0.092105263;0.131666667;-0.141769089;-1
4/11/2020;257;3;-0.121891892;0.148333333;-0.183399306;-1
5/11/2020;258;3;-0.122631579;0.143888889;-0.169582727;-1
6/11/2020;259;3;-0.070810811;0.144444444;-0.169194444;-1
7/11/2020;260;3;0.0175;0.097333333;-0.159620713;-1
8/11/2020;261;3;0.014074074;0.086428571;-0.189822872;-1
9/11/2020;262;3;-0.103947368;0.152222222;-0.22377193;-1
10/11/2020;263;3;-0.108157895;0.157777778;-0.245517335;-1
11/11/2020;264;3;-0.124864865;0.152777778;-0.237457469;-1
12/11/2020;265;3;-0.121578947;0.145;-0.193493506;-1
13/11/2020;266;3;-0.093243243;0.143333333;-0.180458333;-1
14/11/2020;267;3;0.018125;0.076666667;-0.064281863;-1
15/11/2020;268;3;-0.00962963;0.072857143;-0.095601425;-1
16/11/2020;269;3;-0.474210526;0.210555556;-0.156344176;-1
17/11/2020;270;3;-0.086842105;0.131666667;-0.155289683;-1
18/11/2020;271;3;-0.112162162;0.143888889;-0.149789931;-1
19/11/2020;272;3;-0.113421053;0.142777778;-0.166724272;-1
20/11/2020;273;3;-0.049459459;0.133333333;-0.133902778;-1
21/02/2020;0;4;0.157037037;-0.0055;-0.044332359;0
22/02/2020;1;4;0.070769231;0.003157895;-0.059893144;0
23/02/2020;2;4;-0.00375;0.027333333;-0.073896764;0
24/02/2020;3;4;0.178214286;-0.008181818;-0.068412126;0
25/02/2020;4;4;0.183571429;-0.010454545;-0.068707129;0
26/02/2020;5;4;0.176896552;-0.015454545;-0.042174145;0
27/02/2020;6;4;0.170689655;-0.012727273;-0.060374246;0
28/02/2020;7;4;0.264074074;-0.026363636;-0.022511753;0
29/02/2020;8;4;0.127692308;-0.010526316;-0.011292659;0
1/03/2020;9;4;0.04826087;0.01;-0.01212315;0
2/03/2020;10;4;0.2025;-0.015909091;-0.030650515;0
3/03/2020;11;4;0.200357143;-0.015909091;-0.029427297;0
4/03/2020;12;4;0.190689655;-0.020909091;-0.023814103;0
5/03/2020;13;4;0.187931034;-0.018636364;-0.022535835;0
6/03/2020;14;4;0.267777778;-0.029545455;-0.022192696;0
7/03/2020;15;4;0.135769231;-0.011052632;-0.021541278;0
8/03/2020;16;4;0.059166667;0.008666667;-0.006359071;0
9/03/2020;17;4;0.188965517;-0.005454545;-0.078036522;0
10/03/2020;18;4;0.188928571;-0.010454545;-0.070003407;0
11/03/2020;19;4;0.180344828;-0.015909091;-0.06521234;0
12/03/2020;20;4;0.166071429;-0.009545455;-0.071260055;0
13/03/2020;21;4;0.241481481;-0.0175;-0.095918473;0
14/03/2020;22;4;0.104615385;0.006315789;-0.088798988;0
15/03/2020;23;4;0.014166667;0.043333333;-0.124372835;0
16/03/2020;24;4;0.00137931;0.047142857;-0.101919011;0
17/03/2020;25;4;-0.077586207;0.076190476;-0.11793552;0
18/03/2020;26;4;-0.145666667;0.11;-0.190181373;0
19/03/2020;27;4;-0.193333333;0.121052632;-0.225199413;0
20/03/2020;28;4;-0.373870968;0.195;-0.436447856;0
21/03/2020;29;4;-0.682666667;0.325;-0.771935559;0
22/03/2020;30;4;-0.574615385;0.263636364;-0.76565472;0
23/03/2020;31;4;-0.746756757;0.3625;-0.750047878;0
24/03/2020;32;4;-0.574242424;0.271176471;-0.591344706;-1
25/03/2020;33;4;-0.672571429;0.33;-0.728484131;-1
26/03/2020;34;4;-0.666216216;0.335;-0.718163112;-1
27/03/2020;35;4;-0.649428571;0.352142857;-0.730264835;-1
28/03/2020;36;4;-0.636;0.305;-0.741728632;-1
29/03/2020;37;4;-0.566153846;0.258333333;-0.771932609;-1
30/03/2020;38;4;-0.644857143;0.325;-0.689875154;-1
31/03/2020;39;4;-0.651470588;0.310666667;-0.674984894;-1
1/04/2020;40;4;-0.641111111;0.314285714;-0.678510367;-1
2/04/2020;41;4;-0.640277778;0.318571429;-0.669192982;-1
3/04/2020;42;4;-0.615454545;0.337142857;-0.697039773;-1
4/04/2020;43;4;-0.618666667;0.309285714;-0.730807692;-1
5/04/2020;44;4;-0.563703704;0.261666667;-0.776580437;-1
6/04/2020;45;4;-0.642857143;0.326428571;-0.691172932;-1
7/04/2020;46;4;-0.642647059;0.308666667;-0.667998355;-1
8/04/2020;47;4;-0.634571429;0.293333333;-0.646578799;-1
9/04/2020;48;4;-0.758918919;0.360833333;-0.763570707;-1
10/04/2020;49;4;-0.786;0.4025;-0.831587491;-1
11/04/2020;50;4;-0.68137931;0.338333333;-0.810866667;-1
12/04/2020;51;4;-0.60037037;0.277777778;-0.822565909;-1
13/04/2020;52;4;-0.604444444;0.30875;-0.661854187;-1
14/04/2020;53;4;-0.614242424;0.31;-0.665656006;-1
15/04/2020;54;4;-0.608571429;0.302352941;-0.659758466;-1
16/04/2020;55;4;-0.609722222;0.305294118;-0.659863175;-1
17/04/2020;56;4;-0.579333333;0.314705882;-0.660482576;-1
18/04/2020;57;4;-0.607666667;0.314285714;-0.763553571;-1
19/04/2020;58;4;-0.56;0.268;-0.803045455;-1
20/04/2020;59;4;-0.579411765;0.298823529;-0.657513221;-1
21/04/2020;60;4;-0.59;0.304117647;-0.666417429;-1
22/04/2020;61;4;-0.574117647;0.29;-0.653023595;-1
23/04/2020;62;4;-0.578285714;0.295882353;-0.648888675;-1
24/04/2020;63;4;-0.544;0.302941176;-0.654390909;-1
25/04/2020;64;4;-0.564333333;0.296;-0.737566071;-1
26/04/2020;65;4;-0.526923077;0.256666667;-0.786202954;-1
27/04/2020;66;4;-0.513939394;0.278235294;-0.621098819;-1
28/04/2020;67;4;-0.5271875;0.271176471;-0.612147179;-1
29/04/2020;68;4;-0.524848485;0.267058824;-0.601026047;-1
30/04/2020;69;4;-0.515294118;0.259411765;-0.582987939;-1
1/05/2020;70;4;-0.636060606;0.334666667;-0.702410256;-1
2/05/2020;71;4;-0.535333333;0.277647059;-0.70611267;-1
3/05/2020;72;4;-0.5112;0.250833333;-0.773645022;-1
4/05/2020;73;4;-0.4790625;0.261111111;-0.580794347;-1
5/05/2020;74;4;-0.481290323;0.263333333;-0.566750997;-1
6/05/2020;75;4;-0.46875;0.253888889;-0.557108702;-1
7/05/2020;76;4;-0.47;0.256666667;-0.542116977;-1
8/05/2020;77;4;-0.424;0.265;-0.548458523;-1
9/05/2020;78;4;-0.461034483;0.261176471;-0.642510504;-1
10/05/2020;79;4;-0.444230769;0.225833333;-0.709990824;-1
11/05/2020;80;4;-0.418387097;0.244444444;-0.534509062;-1
12/05/2020;81;4;-0.417419355;0.249444444;-0.531559454;-1
13/05/2020;82;4;-0.42125;0.245555556;-0.536480921;-1
14/05/2020;83;4;-0.4290625;0.243888889;-0.526708985;-1
15/05/2020;84;4;-0.375333333;0.243333333;-0.521381818;-1
16/05/2020;85;4;-0.419655172;0.241764706;-0.630061006;-1
17/05/2020;86;4;-0.414;0.227692308;-0.719777747;-1
18/05/2020;87;4;-0.37516129;0.233333333;-0.497598989;-1
19/05/2020;88;4;-0.386451613;0.24;-0.507004751;-1
20/05/2020;89;4;-0.3871875;0.231111111;-0.49096105;-1
21/05/2020;90;4;-0.39030303;0.235555556;-0.492226235;-1
22/05/2020;91;4;-0.322666667;0.232222222;-0.487915741;-1
23/05/2020;92;4;-0.373103448;0.233888889;-0.613600786;-1
24/05/2020;93;4;-0.401538462;0.226666667;-0.704908645;-1
25/05/2020;94;4;-0.618571429;0.301333333;-0.654686657;-1
26/05/2020;95;4;-0.331935484;0.212631579;-0.457484466;-1
27/05/2020;96;4;-0.344193548;0.217222222;-0.458367446;-1
28/05/2020;97;4;-0.350333333;0.224444444;-0.464351467;-1
29/05/2020;98;4;-0.282333333;0.221111111;-0.446079545;-1
30/05/2020;99;4;-0.312758621;0.22;-0.574848193;-1
31/05/2020;100;4;-0.278;0.206428571;-0.650436628;-1
1/06/2020;101;4;-0.293225806;0.204210526;-0.426413617;-1
2/06/2020;102;4;-0.286129032;0.205789474;-0.409536991;-1
3/06/2020;103;4;-0.295666667;0.200526316;-0.416321108;-1
4/06/2020;104;4;-0.296333333;0.201578947;-0.399467839;-1
5/06/2020;105;4;-0.238;0.203333333;-0.410487451;-1
6/06/2020;106;4;-0.216296296;0.188333333;-0.490168269;-1
7/06/2020;107;4;-0.2588;0.202857143;-0.640476852;-1
8/06/2020;108;4;-0.205652174;0.200526316;-0.426071686;-1
9/06/2020;109;4;-0.217045455;0.199473684;-0.40861903;-1
10/06/2020;110;4;-0.214130435;0.193157895;-0.409343497;-1
11/06/2020;111;4;-0.220217391;0.195263158;-0.41231879;-1
12/06/2020;112;4;-0.148444444;0.196315789;-0.405044362;-1
13/06/2020;113;4;-0.14725;0.169444444;-0.457048085;-1
14/06/2020;114;4;-0.225675676;0.198571429;-0.628528695;-1
15/06/2020;115;4;-0.505744681;0.292777778;-0.639687293;-1
16/06/2020;116;4;-0.186;0.176842105;-0.360688286;-1
17/06/2020;117;4;-0.208666667;0.184210526;-0.372388462;-1
18/06/2020;118;4;-0.222608696;0.189473684;-0.392536988;-1
19/06/2020;119;4;-0.121818182;0.167368421;-0.326071065;-1
20/06/2020;120;4;-0.128780488;0.159444444;-0.431823489;-1
21/06/2020;121;4;-0.139714286;0.169333333;-0.585878307;-1
22/06/2020;122;4;-0.516382979;0.282941176;-0.626707068;-1
23/06/2020;123;4;-0.196666667;0.177368421;-0.369574769;-1
24/06/2020;124;4;-0.187391304;0.175789474;-0.366106127;-1
25/06/2020;125;4;-0.211304348;0.180526316;-0.366360333;-1
26/06/2020;126;4;-0.146222222;0.185789474;-0.374162264;-1
27/06/2020;127;4;-0.127317073;0.151666667;-0.406949405;-1
28/06/2020;128;4;-0.220810811;0.189285714;-0.604888533;-1
29/06/2020;129;4;-0.491702128;0.265555556;-0.584278573;-1
30/06/2020;130;4;-0.179777778;0.158947368;-0.310292468;-1
1/07/2020;131;4;-0.187333333;0.164736842;-0.321034135;-1
2/07/2020;132;4;-0.210217391;0.170526316;-0.32282554;-1
3/07/2020;133;4;-0.123111111;0.165263158;-0.322021816;-1
4/07/2020;134;4;-0.115853659;0.148333333;-0.405073909;-1
5/07/2020;135;4;-0.190555556;0.172142857;-0.555506944;-1
6/07/2020;136;4;-0.195652174;0.175263158;-0.363677885;-1
7/07/2020;137;4;-0.203777778;0.174210526;-0.344263547;-1
8/07/2020;138;4;-0.19826087;0.168947368;-0.364598477;-1
9/07/2020;139;4;-0.214782609;0.172105263;-0.356593594;-1
10/07/2020;140;4;-0.141777778;0.172222222;-0.370352504;-1
11/07/2020;141;4;-0.13125;0.152222222;-0.42576207;-1
12/07/2020;142;4;-0.2075;0.177857143;-0.574348876;-1
13/07/2020;143;4;-0.199130435;0.173333333;-0.381977758;-1
14/07/2020;144;4;-0.206888889;0.176315789;-0.373275557;-1
15/07/2020;145;4;-0.203478261;0.172631579;-0.391925;-1
16/07/2020;146;4;-0.223695652;0.176315789;-0.384313415;-1
17/07/2020;147;4;-0.158222222;0.181666667;-0.406448748;-1
18/07/2020;148;4;-0.145952381;0.161666667;-0.449678737;-1
19/07/2020;149;4;-0.278918919;0.208571429;-0.642090443;-1
20/07/2020;150;4;-0.544042553;0.300588235;-0.665796894;-1
21/07/2020;151;4;-0.206888889;0.173333333;-0.400154885;-1
22/07/2020;152;4;-0.206956522;0.176111111;-0.388346669;-1
23/07/2020;153;4;-0.228043478;0.183333333;-0.406304808;-1
24/07/2020;154;4;-0.152444444;0.194444444;-0.424842771;-1
25/07/2020;155;4;-0.1695;0.184444444;-0.477189484;-1
26/07/2020;156;4;-0.267027027;0.202857143;-0.62924537;-1
27/07/2020;157;4;-0.209347826;0.187777778;-0.408043995;-1
28/07/2020;158;4;-0.225555556;0.194210526;-0.401377743;-1
29/07/2020;159;4;-0.224565217;0.188421053;-0.401114303;-1
30/07/2020;160;4;-0.249782609;0.195555556;-0.404273528;-1
31/07/2020;161;4;-0.169555556;0.189444444;-0.385422632;-1
1/08/2020;162;4;-0.165609756;0.173888889;-0.450496941;-1
2/08/2020;163;4;-0.277837838;0.200714286;-0.602255294;-1
3/08/2020;164;4;-0.221086957;0.187222222;-0.397822681;-1
4/08/2020;165;4;-0.228222222;0.191578947;-0.380442531;-1
5/08/2020;166;4;-0.23;0.185789474;-0.379249747;-1
6/08/2020;167;4;-0.233695652;0.168947368;-0.340777454;-1
7/08/2020;168;4;-0.45673913;0.303888889;-0.632929653;-1
8/08/2020;169;4;-0.261136364;0.213125;-0.520825893;-1
9/08/2020;170;4;-0.325675676;0.223571429;-0.676167749;-1
10/08/2020;171;4;-0.227608696;0.180555556;-0.394483047;-1
11/08/2020;172;4;-0.237555556;0.187368421;-0.385811159;-1
12/08/2020;173;4;-0.236304348;0.191052632;-0.415195308;-1
13/08/2020;174;4;-0.253043478;0.193157895;-0.409058597;-1
14/08/2020;175;4;-0.181111111;0.193333333;-0.419197739;-1
15/08/2020;176;4;-0.229268293;0.201111111;-0.492019643;-1
16/08/2020;177;4;-0.312432432;0.216428571;-0.649066468;-1
17/08/2020;178;4;-0.677368421;0.31625;-0.770588578;-1
18/08/2020;179;4;-0.281176471;0.175263158;-0.404307692;-1
19/08/2020;180;4;-0.302941176;0.185263158;-0.432863248;-1
20/08/2020;181;4;-0.309411765;0.185789474;-0.429111111;-1
21/08/2020;182;4;-0.274705882;0.206111111;-0.510734127;-1
22/08/2020;183;4;-0.269333333;0.202352941;-0.559730114;-1
23/08/2020;184;4;-0.356666667;0.215714286;-0.745268308;-1
24/08/2020;185;4;-0.276470588;0.182222222;-0.428861111;-1
25/08/2020;186;4;-0.284117647;0.186315789;-0.409897436;-1
26/08/2020;187;4;-0.278235294;0.176666667;-0.414638889;-1
27/08/2020;188;4;-0.282352941;0.178947368;-0.404569444;-1
28/08/2020;189;4;-0.254375;0.190555556;-0.472833333;-1
29/08/2020;190;4;-0.185333333;0.159411765;-0.477136995;-1
30/08/2020;191;4;-0.2925;0.187142857;-0.676878788;-1
31/08/2020;192;4;-0.259411765;0.170526316;-0.391208333;-1
1/09/2020;193;4;-0.266470588;0.165789474;-0.346604167;-1
2/09/2020;194;4;-0.279411765;0.162222222;-0.368395833;-1
3/09/2020;195;4;-0.276470588;0.158947368;-0.339520833;-1
4/09/2020;196;4;-0.2175;0.159444444;-0.358375;-1
5/09/2020;197;4;-0.125714286;0.12;-0.350242424;-1
6/09/2020;198;4;-0.158181818;0.128571429;-0.454163024;-1
7/09/2020;199;4;-0.268235294;0.156842105;-0.361979167;-1
8/09/2020;200;4;-0.27;0.157368421;-0.341625;-1
9/09/2020;201;4;-0.258823529;0.149473684;-0.362666667;-1
10/09/2020;202;4;-0.27;0.154210526;-0.351041667;-1
11/09/2020;203;4;-0.151555556;0.155;-0.333032532;-1
12/09/2020;204;4;-0.1;0.115;-0.327133293;-1
13/09/2020;205;4;-0.156111111;0.117142857;-0.404046141;-1
14/09/2020;206;4;-0.151521739;0.148947368;-0.324219005;-1
15/09/2020;207;4;-0.165333333;0.153684211;-0.313063725;-1
16/09/2020;208;4;-0.178666667;0.149473684;-0.321582244;-1
17/09/2020;209;4;-0.195652174;0.147894737;-0.294411354;-1
18/09/2020;210;4;-0.129545455;0.148421053;-0.311288471;-1
19/09/2020;211;4;-0.085121951;0.104444444;-0.29092706;-1
20/09/2020;212;4;-0.106571429;0.105714286;-0.349353448;-1
21/09/2020;213;4;-0.17326087;0.151052632;-0.312255263;-1
22/09/2020;214;4;-0.180666667;0.150526316;-0.302418301;-1
23/09/2020;215;4;-0.175434783;0.149130435;-0.303520299;-1
24/09/2020;216;4;-0.207826087;0.152608696;-0.30590781;-1
25/09/2020;217;4;-0.118888889;0.151818182;-0.301791448;-1
26/09/2020;218;4;-0.066410256;0.109545455;-0.278310542;-1
27/09/2020;219;4;-0.117714286;0.101578947;-0.339978195;-1
28/09/2020;220;4;-0.152608696;0.145217391;-0.291039605;-1
29/09/2020;221;4;-0.168888889;0.143478261;-0.298091153;-1
30/09/2020;222;4;-0.181521739;0.129565217;-0.282086161;-1
1/10/2020;223;4;-0.176304348;0.12173913;-0.259631068;-1
2/10/2020;224;4;-0.11372093;0.12;-0.25653529;-1
3/10/2020;225;4;-0.0575;0.085;-0.231360939;-1
4/10/2020;226;4;-0.098055556;0.084210526;-0.285733718;-1
5/10/2020;227;4;-0.162608696;0.11173913;-0.233751408;-1
6/10/2020;228;4;-0.157555556;0.113913043;-0.244424334;-1
7/10/2020;229;4;-0.141086957;0.113478261;-0.240078976;-1
8/10/2020;230;4;-0.173555556;0.120434783;-0.237421443;-1
9/10/2020;231;4;-0.101860465;0.117826087;-0.222916568;-1
10/10/2020;232;4;-0.05075;0.086818182;-0.173456532;-1
11/10/2020;233;4;-0.072941176;0.075789474;-0.173269197;-1
12/10/2020;234;4;-0.484680851;0.166086957;-0.266923499;-1
13/10/2020;235;4;-0.129333333;0.12;-0.246989065;-1
14/10/2020;236;4;-0.130444444;0.131304348;-0.243420479;-1
15/10/2020;237;4;-0.145217391;0.133478261;-0.225031423;-1
16/10/2020;238;4;-0.085777778;0.132173913;-0.241002674;-1
17/10/2020;239;4;-0.02025;0.099090909;-0.228096522;-1
18/10/2020;240;4;-0.057647059;0.096315789;-0.272285932;-1
19/10/2020;241;4;-0.135869565;0.135652174;-0.25167358;-1
20/10/2020;242;4;-0.142888889;0.139565217;-0.258623052;-1
21/10/2020;243;4;-0.123636364;0.129130435;-0.236554801;-1
22/10/2020;244;4;-0.151333333;0.132608696;-0.238943355;-1
23/10/2020;245;4;-0.070434783;0.132173913;-0.249794787;-1
24/10/2020;246;4;0.003076923;0.095;-0.212496335;-1
25/10/2020;247;4;-0.049428571;0.091052632;-0.262133459;-1
26/10/2020;248;4;-0.112608696;0.129130435;-0.236974292;-1
27/10/2020;249;4;-0.123777778;0.131304348;-0.238861656;-1
28/10/2020;250;4;-0.113555556;0.130434783;-0.263984414;-1
29/10/2020;251;4;-0.138;0.125652174;-0.2227319;-1
30/10/2020;252;4;-0.06;0.126521739;-0.236733205;-1
31/10/2020;253;4;-0.03225;0.106363636;-0.230282635;-1
1/11/2020;254;4;-0.050882353;0.098947368;-0.248468045;-1
2/11/2020;255;4;-0.447608696;0.177391304;-0.272869003;-1
3/11/2020;256;4;-0.101555556;0.115217391;-0.193552896;-1
4/11/2020;257;4;-0.116136364;0.126956522;-0.242244847;-1
5/11/2020;258;4;-0.130666667;0.125217391;-0.219782135;-1
6/11/2020;259;4;-0.057674419;0.130434783;-0.251364522;-1
7/11/2020;260;4;0.008717949;0.1;-0.240729204;-1
8/11/2020;261;4;-0.015882353;0.099473684;-0.269077561;-1
9/11/2020;262;4;-0.107391304;0.13;-0.239208145;-1
10/11/2020;263;4;-0.116222222;0.132173913;-0.254861664;-1
11/11/2020;264;4;-0.108837209;0.125217391;-0.23492963;-1
12/11/2020;265;4;-0.123913043;0.125652174;-0.22597505;-1
13/11/2020;266;4;-0.059318182;0.125652174;-0.25109874;-1
14/11/2020;267;4;-0.01025;0.081818182;-0.149646224;-1
15/11/2020;268;4;-0.008787879;0.076315789;-0.159340858;-1
16/11/2020;269;4;-0.45326087;0.176086957;-0.27138893;-1
17/11/2020;270;4;-0.098444444;0.120869565;-0.220469683;-1
18/11/2020;271;4;-0.091818182;0.120434783;-0.202370479;-1
19/11/2020;272;4;-0.112;0.119565217;-0.206465142;-1
20/11/2020;273;4;-0.034047619;0.116521739;-0.197554383;-1
21/02/2020;0;5;0.108518519;-0.0015;-0.073174655;0
22/02/2020;1;5;0.0404;0.006666667;-0.086218051;0
23/02/2020;2;5;0.002380952;0.015333333;-0.083680556;0
24/02/2020;3;5;0.149259259;-0.005;-0.094901591;0
25/02/2020;4;5;0.16962963;-0.006315789;-0.119002334;0
26/02/2020;5;5;0.128571429;-0.0065;-0.083334064;0
27/02/2020;6;5;0.142142857;-0.01;-0.064385101;0
28/02/2020;7;5;0.196538462;-0.0235;-0.031968515;0
29/02/2020;8;5;0.0844;-0.008333333;-0.004743711;0
1/03/2020;9;5;0.032380952;0.005333333;-0.024255495;0
2/03/2020;10;5;0.182592593;-0.0185;-0.016923203;0
3/03/2020;11;5;0.209259259;-0.021;-0.027824463;0
4/03/2020;12;5;0.1675;-0.021904762;-0.039084862;0
5/03/2020;13;5;0.161481481;-0.02;-0.032188438;0
6/03/2020;14;5;0.206666667;-0.02;-0.061209586;0
7/03/2020;15;5;0.0812;-0.003333333;-0.060175435;0
8/03/2020;16;5;0.064761905;-0.001333333;0.007041667;0
9/03/2020;17;5;0.167777778;-0.0075;-0.066406046;0
10/03/2020;18;5;0.2;-0.008;-0.089972519;0
11/03/2020;19;5;0.163571429;-0.0155;-0.068162281;0
12/03/2020;20;5;0.15037037;-0.00952381;-0.073265971;0
13/03/2020;21;5;0.184230769;-0.01;-0.084475564;0
14/03/2020;22;5;0.0712;0.012222222;-0.097538092;0
15/03/2020;23;5;0.024761905;0.030666667;-0.10538141;0
16/03/2020;24;5;0.015357143;0.0375;-0.112981283;0
17/03/2020;25;5;-0.031724138;0.052631579;-0.140871032;0
18/03/2020;26;5;-0.106206897;0.074736842;-0.165829014;0
19/03/2020;27;5;-0.153793103;0.091578947;-0.189458333;0
20/03/2020;28;5;-0.167241379;0.107368421;-0.271811404;0
21/03/2020;29;5;-0.567419355;0.266153846;-0.647939327;0
22/03/2020;30;5;-0.498846154;0.244;-0.723207071;0
23/03/2020;31;5;-0.725405405;0.331;-0.712163507;0
24/03/2020;32;5;-0.482727273;0.202777778;-0.492885766;-1
25/03/2020;33;5;-0.634736842;0.299333333;-0.722799708;-1
26/03/2020;34;5;-0.643243243;0.304666667;-0.707865497;-1
27/03/2020;35;5;-0.608888889;0.319333333;-0.709711988;-1
28/03/2020;36;5;-0.581290323;0.288571429;-0.707989714;-1
29/03/2020;37;5;-0.530769231;0.249;-0.7775;-1
30/03/2020;38;5;-0.592777778;0.290666667;-0.666327148;-1
31/03/2020;39;5;-0.586285714;0.275625;-0.648261471;-1
1/04/2020;40;5;-0.605526316;0.283333333;-0.644262565;-1
2/04/2020;41;5;-0.604864865;0.278125;-0.638138889;-1
3/04/2020;42;5;-0.584571429;0.306;-0.668791667;-1
4/04/2020;43;5;-0.575666667;0.281428571;-0.724699786;-1
5/04/2020;44;5;-0.5132;0.242;-0.759467787;-1
6/04/2020;45;5;-0.591176471;0.289333333;-0.658482738;-1
7/04/2020;46;5;-0.574;0.27;-0.633383358;-1
8/04/2020;47;5;-0.593513514;0.26;-0.618556938;-1
9/04/2020;48;5;-0.724736842;0.335;-0.734348739;-1
10/04/2020;49;5;-0.750512821;0.376;-0.800111111;-1
11/04/2020;50;5;-0.609333333;0.296153846;-0.753165363;-1
12/04/2020;51;5;-0.522;0.251111111;-0.786829963;-1
13/04/2020;52;5;-0.561470588;0.27875;-0.662824589;-1
14/04/2020;53;5;-0.562941176;0.284;-0.655021422;-1
15/04/2020;54;5;-0.562432432;0.269411765;-0.646354324;-1
16/04/2020;55;5;-0.57027027;0.275;-0.640133007;-1
17/04/2020;56;5;-0.5371875;0.28375;-0.647437247;-1
18/04/2020;57;5;-0.548214286;0.283846154;-0.739388756;-1
19/04/2020;58;5;-0.516;0.248;-0.77955519;-1
20/04/2020;59;5;-0.528823529;0.269375;-0.651520138;-1
21/04/2020;60;5;-0.534242424;0.27125;-0.643764422;-1
22/04/2020;61;5;-0.528378378;0.261176471;-0.637703718;-1
23/04/2020;62;5;-0.538648649;0.265294118;-0.644966758;-1
24/04/2020;63;5;-0.5021875;0.275294118;-0.652815605;-1
25/04/2020;64;5;-0.51;0.27;-0.715716477;-1
26/04/2020;65;5;-0.486666667;0.239;-0.773672269;-1
27/04/2020;66;5;-0.464545455;0.246470588;-0.613548086;-1
28/04/2020;67;5;-0.4678125;0.233529412;-0.590933396;-1
29/04/2020;68;5;-0.469142857;0.232352941;-0.574480518;-1
30/04/2020;69;5;-0.467941176;0.225882353;-0.548648819;-1
1/05/2020;70;5;-0.593714286;0.318;-0.677662281;-1
2/05/2020;71;5;-0.459642857;0.247142857;-0.672298798;-1
3/05/2020;72;5;-0.442083333;0.225;-0.742059028;-1
4/05/2020;73;5;-0.4259375;0.227777778;-0.550308007;-1
5/05/2020;74;5;-0.4159375;0.227222222;-0.54681677;-1
6/05/2020;75;5;-0.421290323;0.226666667;-0.517726716;-1
7/05/2020;76;5;-0.421515152;0.23;-0.515479954;-1
8/05/2020;77;5;-0.377;0.239444444;-0.522658559;-1
9/05/2020;78;5;-0.384814815;0.22;-0.594289773;-1
10/05/2020;79;5;-0.295652174;0.1875;-0.653952538;-1
11/05/2020;80;5;-0.383225806;0.221666667;-0.541541968;-1
12/05/2020;81;5;-0.367666667;0.222222222;-0.540205049;-1
13/05/2020;82;5;-0.382903226;0.216666667;-0.521383578;-1
14/05/2020;83;5;-0.3925;0.213888889;-0.510590643;-1
15/05/2020;84;5;-0.339333333;0.223888889;-0.511228967;-1
16/05/2020;85;5;-0.342222222;0.208;-0.589027778;-1
17/05/2020;86;5;-0.349166667;0.2025;-0.674853083;-1
18/05/2020;87;5;-0.332333333;0.211111111;-0.496878655;-1
19/05/2020;88;5;-0.329655172;0.211111111;-0.497812753;-1
20/05/2020;89;5;-0.350322581;0.201666667;-0.471491228;-1
21/05/2020;90;5;-0.349354839;0.211111111;-0.479740216;-1
22/05/2020;91;5;-0.296333333;0.211111111;-0.48852193;-1
23/05/2020;92;5;-0.300769231;0.195625;-0.566915146;-1
24/05/2020;93;5;-0.294782609;0.188333333;-0.659680672;-1
25/05/2020;94;5;-0.567428571;0.273125;-0.621133478;-1
26/05/2020;95;5;-0.283333333;0.19;-0.475613566;-1
27/05/2020;96;5;-0.309354839;0.193888889;-0.451019737;-1
28/05/2020;97;5;-0.314666667;0.201111111;-0.468717949;-1
29/05/2020;98;5;-0.257666667;0.204444444;-0.459297149;-1
30/05/2020;99;5;-0.242692308;0.186875;-0.541636543;-1
31/05/2020;100;5;-0.243636364;0.18;-0.629735288;-1
1/06/2020;101;5;-0.252413793;0.188888889;-0.429667398;-1
2/06/2020;102;5;-0.242413793;0.186666667;-0.421886261;-1
3/06/2020;103;5;-0.278275862;0.189444444;-0.444847418;-1
4/06/2020;104;5;-0.265333333;0.187222222;-0.401524966;-1
5/06/2020;105;5;-0.230689655;0.193333333;-0.437635234;-1
6/06/2020;106;5;-0.194615385;0.1675;-0.491242267;-1
7/06/2020;107;5;-0.203043478;0.166153846;-0.602496305;-1
8/06/2020;108;5;-0.1825;0.178888889;-0.398377193;-1
9/06/2020;109;5;-0.166136364;0.179444444;-0.41712864;-1
10/06/2020;110;5;-0.203863636;0.175555556;-0.407664474;-1
11/06/2020;111;5;-0.213181818;0.179444444;-0.405183873;-1
12/06/2020;112;5;-0.146818182;0.181666667;-0.410851974;-1
13/06/2020;113;5;-0.096904762;0.156875;-0.47117961;-1
14/06/2020;114;5;-0.136470588;0.158571429;-0.592645105;-1
15/06/2020;115;5;-0.4575;0.242352941;-0.557635746;-1
16/06/2020;116;5;-0.142727273;0.161666667;-0.380653153;-1
17/06/2020;117;5;-0.193181818;0.167222222;-0.384182749;-1
18/06/2020;118;5;-0.198181818;0.168888889;-0.380749269;-1
19/06/2020;119;5;-0.129772727;0.156111111;-0.351587719;-1
20/06/2020;120;5;-0.065853659;0.14;-0.417455501;-1
21/06/2020;121;5;-0.008787879;0.125714286;-0.531757483;-1
22/06/2020;122;5;-0.476818182;0.239375;-0.568359649;-1
23/06/2020;123;5;-0.162045455;0.158888889;-0.385325855;-1
24/06/2020;124;5;-0.1925;0.166666667;-0.396144798;-1
25/06/2020;125;5;-0.197045455;0.167777778;-0.380391082;-1
26/06/2020;126;5;-0.147954545;0.17;-0.383809745;-1
27/06/2020;127;5;-0.072439024;0.13625;-0.419551007;-1
28/06/2020;128;5;-0.117647059;0.142142857;-0.541348053;-1
29/06/2020;129;5;-0.450909091;0.224705882;-0.509133459;-1
30/06/2020;130;5;-0.141363636;0.145;-0.330598724;-1
1/07/2020;131;5;-0.1825;0.151666667;-0.352087719;-1
2/07/2020;132;5;-0.19;0.157222222;-0.316418129;-1
3/07/2020;133;5;-0.121136364;0.161111111;-0.329396332;-1
4/07/2020;134;5;-0.075714286;0.13625;-0.411408271;-1
5/07/2020;135;5;-0.112941176;0.141428571;-0.531989714;-1
6/07/2020;136;5;-0.174318182;0.158333333;-0.352375731;-1
7/07/2020;137;5;-0.163636364;0.159444444;-0.359119152;-1
8/07/2020;138;5;-0.189772727;0.155555556;-0.369278923;-1
9/07/2020;139;5;-0.199318182;0.159444444;-0.364267188;-1
10/07/2020;140;5;-0.147727273;0.171111111;-0.408114944;-1
11/07/2020;141;5;-0.081219512;0.1425;-0.42808349;-1
12/07/2020;142;5;-0.154117647;0.151428571;-0.571389599;-1
13/07/2020;143;5;-0.18744186;0.161666667;-0.386350267;-1
14/07/2020;144;5;-0.173409091;0.158333333;-0.374109477;-1
15/07/2020;145;5;-0.196818182;0.153333333;-0.368721041;-1
16/07/2020;146;5;-0.210454545;0.16;-0.375792004;-1
17/07/2020;147;5;-0.154772727;0.167777778;-0.38885307;-1
18/07/2020;148;5;-0.142682927;0.152;-0.488298809;-1
19/07/2020;149;5;-0.189705882;0.170769231;-0.620382289;-1
20/07/2020;150;5;-0.516590909;0.260666667;-0.626006401;-1
21/07/2020;151;5;-0.160454545;0.150555556;-0.396756106;-1
22/07/2020;152;5;-0.202727273;0.163333333;-0.401209795;-1
23/07/2020;153;5;-0.204545455;0.166666667;-0.398311404;-1
24/07/2020;154;5;-0.157954545;0.176111111;-0.416224781;-1
25/07/2020;155;5;-0.136190476;0.162;-0.491691604;-1
26/07/2020;156;5;-0.155882353;0.160769231;-0.597084235;-1
27/07/2020;157;5;-0.18;0.163888889;-0.391240712;-1
28/07/2020;158;5;-0.163636364;0.161666667;-0.382925052;-1
29/07/2020;159;5;-0.206136364;0.159444444;-0.382186533;-1
30/07/2020;160;5;-0.209772727;0.162777778;-0.354473684;-1
31/07/2020;161;5;-0.138181818;0.163888889;-0.364287548;-1
1/08/2020;162;5;-0.107560976;0.136666667;-0.415417872;-1
2/08/2020;163;5;-0.147058824;0.145714286;-0.536472296;-1
3/08/2020;164;5;-0.188181818;0.165555556;-0.355873499;-1
4/08/2020;165;5;-0.150681818;0.15;-0.30870915;-1
5/08/2020;166;5;-0.181818182;0.150555556;-0.339163888;-1
6/08/2020;167;5;-0.182045455;0.137222222;-0.294359383;-1
7/08/2020;168;5;-0.386818182;0.237647059;-0.507440789;-1
8/08/2020;169;5;-0.148095238;0.154;-0.460166938;-1
9/08/2020;170;5;-0.152424242;0.141428571;-0.553975885;-1
10/08/2020;171;5;-0.167272727;0.146111111;-0.345790062;-1
11/08/2020;172;5;-0.155;0.151666667;-0.349861111;-1
12/08/2020;173;5;-0.180909091;0.148333333;-0.368452268;-1
13/08/2020;174;5;-0.195454545;0.152777778;-0.367225877;-1
14/08/2020;175;5;-0.126363636;0.151111111;-0.349860879;-1
15/08/2020;176;5;-0.112380952;0.14125;-0.405874909;-1
16/08/2020;177;5;-0.123030303;0.136428571;-0.520648241;-1
17/08/2020;178;5;-0.615294118;0.218125;-0.623611111;-1
18/08/2020;179;5;-0.226875;0.134444444;-0.361889881;-1
19/08/2020;180;5;-0.264705882;0.150555556;-0.398819444;-1
20/08/2020;181;5;-0.265882353;0.145555556;-0.369791667;-1
21/08/2020;182;5;-0.2275;0.157222222;-0.3901875;-1
22/08/2020;183;5;-0.135;0.1375;-0.423585859;-1
23/08/2020;184;5;-0.162857143;0.131428571;-0.560464286;-1
24/08/2020;185;5;-0.25;0.148333333;-0.430178571;-1
25/08/2020;186;5;-0.229375;0.147777778;-0.371388889;-1
26/08/2020;187;5;-0.236875;0.138888889;-0.380625;-1
27/08/2020;188;5;-0.246470588;0.143333333;-0.374444444;-1
28/08/2020;189;5;-0.2;0.143888889;-0.369604167;-1
29/08/2020;190;5;-0.099285714;0.124375;-0.392449495;-1
30/08/2020;191;5;-0.141428571;0.115714286;-0.515270833;-1
31/08/2020;192;5;-0.235;0.138333333;-0.405119048;-1
1/09/2020;193;5;-0.2125;0.130555556;-0.313933532;-1
2/09/2020;194;5;-0.239375;0.123888889;-0.310729167;-1
3/09/2020;195;5;-0.245294118;0.127777778;-0.305104167;-1
4/09/2020;196;5;-0.196875;0.130555556;-0.313354167;-1
5/09/2020;197;5;-0.080714286;0.09375;-0.263308081;-1
6/09/2020;198;5;-0.058571429;0.082857143;-0.348583333;-1
7/09/2020;199;5;-0.2275;0.121666667;-0.310877976;-1
8/09/2020;200;5;-0.223125;0.13;-0.341840278;-1
9/09/2020;201;5;-0.22125;0.116111111;-0.319097222;-1
10/09/2020;202;5;-0.234705882;0.125555556;-0.308368056;-1
11/09/2020;203;5;-0.113181818;0.126111111;-0.265673611;-1
12/09/2020;204;5;-0.043095238;0.095294118;-0.245566453;-1
13/09/2020;205;5;-0.07875;0.079285714;-0.345176031;-1
14/09/2020;206;5;-0.114186047;0.117222222;-0.266053922;-1
15/09/2020;207;5;-0.088636364;0.123888889;-0.264352328;-1
16/09/2020;208;5;-0.127954545;0.117777778;-0.258361111;-1
17/09/2020;209;5;-0.156818182;0.127222222;-0.274641414;-1
18/09/2020;210;5;-0.074318182;0.121666667;-0.247750305;-1
19/09/2020;211;5;-0.020714286;0.079411765;-0.194483981;-1
20/09/2020;212;5;-0.050322581;0.067857143;-0.326175595;-1
21/09/2020;213;5;-0.144186047;0.123888889;-0.270848856;-1
22/09/2020;214;5;-0.1125;0.123333333;-0.253568776;-1
23/09/2020;215;5;-0.143636364;0.123181818;-0.300940476;-1
24/09/2020;216;5;-0.159772727;0.128636364;-0.286401072;-1
25/09/2020;217;5;-0.094090909;0.124545455;-0.266969628;-1
26/09/2020;218;5;-0.02255814;0.098095238;-0.247082993;-1
27/09/2020;219;5;-0.0784375;0.089444444;-0.315997024;-1
28/09/2020;220;5;-0.125348837;0.121428571;-0.254557435;-1
29/09/2020;221;5;-0.111136364;0.121363636;-0.249418742;-1
30/09/2020;222;5;-0.139772727;0.102272727;-0.245698413;-1
1/10/2020;223;5;-0.132045455;0.094545455;-0.219754308;-1
2/10/2020;224;5;-0.080681818;0.09;-0.196194292;-1
3/10/2020;225;5;-0.048837209;0.076190476;-0.215800806;-1
4/10/2020;226;5;-0.088064516;0.073888889;-0.296996297;-1
5/10/2020;227;5;-0.138139535;0.086818182;-0.201117991;-1
6/10/2020;228;5;-0.114545455;0.087272727;-0.20006016;-1
7/10/2020;229;5;-0.128636364;0.095909091;-0.252212838;-1
8/10/2020;230;5;-0.128863636;0.101818182;-0.223684419;-1
9/10/2020;231;5;-0.080227273;0.102727273;-0.230287176;-1
10/10/2020;232;5;-0.00627907;0.073809524;-0.165361111;-1
11/10/2020;233;5;-0.0396875;0.061111111;-0.195796131;-1
12/10/2020;234;5;-0.467727273;0.137619048;-0.342371138;-1
13/10/2020;235;5;-0.088636364;0.104090909;-0.242305789;-1
14/10/2020;236;5;-0.121590909;0.108181818;-0.235614766;-1
15/10/2020;237;5;-0.121818182;0.111363636;-0.203195519;-1
16/10/2020;238;5;-0.070454545;0.109545455;-0.200152625;-1
17/10/2020;239;5;-0.009047619;0.08952381;-0.186328298;-1
18/10/2020;240;5;-0.017419355;0.078333333;-0.258536415;-1
19/10/2020;241;5;-0.130232558;0.116190476;-0.244848211;-1
20/10/2020;242;5;-0.094772727;0.114090909;-0.228583333;-1
21/10/2020;243;5;-0.121363636;0.113636364;-0.239248073;-1
22/10/2020;244;5;-0.12;0.108636364;-0.230070148;-1
23/10/2020;245;5;-0.064772727;0.110909091;-0.232926788;-1
24/10/2020;246;5;0.008095238;0.080952381;-0.188477015;-1
25/10/2020;247;5;-0.002903226;0.068888889;-0.24573687;-1
26/10/2020;248;5;-0.102325581;0.102727273;-0.239612573;-1
27/10/2020;249;5;-0.0925;0.111818182;-0.265059524;-1
28/10/2020;250;5;-0.098863636;0.107272727;-0.246548977;-1
29/10/2020;251;5;-0.094772727;0.102272727;-0.21277709;-1
30/10/2020;252;5;-0.045681818;0.099090909;-0.196385073;-1
31/10/2020;253;5;-0.001219512;0.083333333;-0.195054127;-1
1/11/2020;254;5;-0.0553125;0.076666667;-0.247154834;-1
2/11/2020;255;5;-0.451136364;0.14;-0.285804929;-1
3/11/2020;256;5;-0.052272727;0.087727273;-0.175556373;-1
4/11/2020;257;5;-0.084772727;0.094090909;-0.202721491;-1
5/11/2020;258;5;-0.101590909;0.101818182;-0.21232075;-1
6/11/2020;259;5;-0.050681818;0.100454545;-0.224395845;-1
7/11/2020;260;5;0.030731707;0.073333333;-0.17763243;-1
8/11/2020;261;5;-0.007096774;0.071111111;-0.249113334;-1
9/11/2020;262;5;-0.11;0.110454545;-0.272958333;-1
10/11/2020;263;5;-0.069318182;0.103636364;-0.232672673;-1
11/11/2020;264;5;-0.089545455;0.096818182;-0.221765292;-1
12/11/2020;265;5;-0.103181818;0.102727273;-0.221544856;-1
13/11/2020;266;5;-0.054318182;0.101818182;-0.234046524;-1
14/11/2020;267;5;0.016428571;0.064761905;-0.11812181;-1
15/11/2020;268;5;0.028333333;0.052222222;-0.154943102;-1
16/11/2020;269;5;-0.448636364;0.14047619;-0.275944444;-1
17/11/2020;270;5;-0.068636364;0.095909091;-0.217081832;-1
18/11/2020;271;5;-0.075454545;0.093181818;-0.186332148;-1
19/11/2020;272;5;-0.105227273;0.11;-0.221981526;-1
20/11/2020;273;5;-0.042727273;0.103181818;-0.223677632;-1
21/02/2020;0;6;0.13;0.006;-0.024931818;0
22/02/2020;1;6;0.060909091;0.01;-0.048701691;0
23/02/2020;2;6;0.006666667;0.025;-0.089008929;0
24/02/2020;3;6;0.15;-0.005;-0.046604167;0
25/02/2020;4;6;0.160714286;-0.006666667;-0.080431548;0
26/02/2020;5;6;0.172307692;-0.011666667;-0.082388158;0
27/02/2020;6;6;0.171538462;-0.01;-0.069348214;0
28/02/2020;7;6;0.238461538;-0.02;-0.015113636;0
29/02/2020;8;6;0.146363636;-0.0075;-0.012667749;0
1/03/2020;9;6;0.08;0.02;-0.024096273;0
2/03/2020;10;6;0.178571429;-0.006666667;-0.043244048;0
3/03/2020;11;6;0.177857143;-0.008333333;-0.077549603;0
4/03/2020;12;6;0.210769231;-0.006666667;-0.054270833;0
5/03/2020;13;6;0.185384615;-0.013333333;-0.0324375;0
6/03/2020;14;6;0.226153846;-0.018333333;-0.002710227;0
7/03/2020;15;6;0.140909091;-0.005;-0.013844697;0
8/03/2020;16;6;0.076666667;0.01;0.016204969;0
9/03/2020;17;6;0.177142857;-0.003333333;-0.072732143;0
10/03/2020;18;6;0.171333333;-0.001666667;-0.086994048;0
11/03/2020;19;6;0.198461538;-0.008333333;-0.075520833;0
12/03/2020;20;6;0.173846154;-0.01;-0.08275;0
13/03/2020;21;6;0.221538462;-0.01;-0.075357955;0
14/03/2020;22;6;0.158181818;0.0025;-0.05468599;0
15/03/2020;23;6;0.071666667;0.05;-0.068597826;0
16/03/2020;24;6;0.065714286;0.034;-0.098125;0
17/03/2020;25;6;0.013571429;0.066;-0.143769841;0
18/03/2020;26;6;0.012857143;0.086;-0.121965278;0
19/03/2020;27;6;-0.020666667;0.102;-0.141861111;0
20/03/2020;28;6;-0.042142857;0.12;-0.181180556;0
21/03/2020;29;6;-0.336923077;0.26;-0.390747024;0
22/03/2020;30;6;-0.392222222;0.24;-0.565719697;0
23/03/2020;31;6;-0.605882353;0.325;-0.57797619;0
24/03/2020;32;6;-0.354375;0.2075;-0.424373059;-1
25/03/2020;33;6;-0.573333333;0.375;-0.730083333;-1
26/03/2020;34;6;-0.580555556;0.375;-0.703095238;-1
27/03/2020;35;6;-0.548823529;0.38;-0.699747024;-1
28/03/2020;36;6;-0.539285714;0.35;-0.685047619;-1
29/03/2020;37;6;-0.5;0.3;-0.686559524;-1
30/03/2020;38;6;-0.554705882;0.345;-0.69622619;-1
31/03/2020;39;6;-0.537777778;0.33;-0.648452381;-1
1/04/2020;40;6;-0.531111111;0.33;-0.654561688;-1
2/04/2020;41;6;-0.541666667;0.33;-0.647243506;-1
3/04/2020;42;6;-0.49125;0.345;-0.656696429;-1
4/04/2020;43;6;-0.512857143;0.32;-0.67025974;-1
5/04/2020;44;6;-0.465;0.285;-0.688208333;-1
6/04/2020;45;6;-0.524444444;0.325;-0.674454545;-1
7/04/2020;46;6;-0.514444444;0.305;-0.634651515;-1
8/04/2020;47;6;-0.52;0.305;-0.614458333;-1
9/04/2020;48;6;-0.666315789;0.365;-0.683482143;-1
10/04/2020;49;6;-0.708947368;0.41;-0.769452381;-1
11/04/2020;50;6;-0.562142857;0.325;-0.724784091;-1
12/04/2020;51;6;-0.512;0.285;-0.734732143;-1
13/04/2020;52;6;-0.481176471;0.31;-0.621642857;-1
14/04/2020;53;6;-0.477777778;0.33;-0.641714286;-1
15/04/2020;54;6;-0.452222222;0.293333333;-0.629208333;-1
16/04/2020;55;6;-0.455294118;0.293333333;-0.620375;-1
17/04/2020;56;6;-0.42125;0.335;-0.609083333;-1
18/04/2020;57;6;-0.547142857;0.305;-0.75025;-1
19/04/2020;58;6;-0.513;0.275;-0.7435;-1
20/04/2020;59;6;-0.420588235;0.28;-0.599431818;-1
21/04/2020;60;6;-0.44;0.283333333;-0.611905303;-1
22/04/2020;61;6;-0.41625;0.276666667;-0.61325;-1
23/04/2020;62;6;-0.434117647;0.276666667;-0.598901515;-1
24/04/2020;63;6;-0.379375;0.28;-0.585916667;-1
25/04/2020;64;6;-0.491428571;0.275;-0.711138158;-1
26/04/2020;65;6;-0.456;0.255;-0.711636905;-1
27/04/2020;66;6;-0.365;0.255;-0.563342391;-1
28/04/2020;67;6;-0.389411765;0.235;-0.558704545;-1
29/04/2020;68;6;-0.364375;0.25;-0.559609848;-1
30/04/2020;69;6;-0.368235294;0.236666667;-0.528797101;-1
1/05/2020;70;6;-0.544705882;0.325;-0.630037879;-1
2/05/2020;71;6;-0.476428571;0.27;-0.698375;-1
3/05/2020;72;6;-0.462;0.26;-0.7095;-1
4/05/2020;73;6;-0.348125;0.2325;-0.526270833;-1
5/05/2020;74;6;-0.353125;0.2425;-0.536891304;-1
6/05/2020;75;6;-0.32875;0.245;-0.52202381;-1
7/05/2020;76;6;-0.32625;0.24;-0.487074275;-1
8/05/2020;77;6;-0.316;0.25;-0.491029762;-1
9/05/2020;78;6;-0.414285714;0.24;-0.632559524;-1
10/05/2020;79;6;-0.36;0.22;-0.622375;-1
11/05/2020;80;6;-0.326666667;0.2325;-0.472717391;-1
12/05/2020;81;6;-0.337333333;0.23;-0.489568841;-1
13/05/2020;82;6;-0.30375;0.24;-0.495992424;-1
14/05/2020;83;6;-0.320625;0.2225;-0.492660455;-1
15/05/2020;84;6;-0.290666667;0.23;-0.48141369;-1
16/05/2020;85;6;-0.394285714;0.23;-0.610928571;-1
17/05/2020;86;6;-0.382222222;0.225;-0.66175;-1
18/05/2020;87;6;-0.303333333;0.215;-0.448484472;-1
19/05/2020;88;6;-0.288125;0.2225;-0.464978355;-1
20/05/2020;89;6;-0.2625;0.2075;-0.445681818;-1
21/05/2020;90;6;-0.276875;0.2225;-0.450268116;-1
22/05/2020;91;6;-0.235333333;0.2225;-0.457782738;-1
23/05/2020;92;6;-0.332142857;0.21;-0.567291667;-1
24/05/2020;93;6;-0.283333333;0.21;-0.5915;-1
25/05/2020;94;6;-0.495882353;0.27;-0.530970779;-1
26/05/2020;95;6;-0.262666667;0.2075;-0.464155844;-1
27/05/2020;96;6;-0.216875;0.2175;-0.435416667;-1
28/05/2020;97;6;-0.2175;0.205;-0.413115942;-1
29/05/2020;98;6;-0.186;0.1975;-0.400848214;-1
30/05/2020;99;6;-0.24;0.21;-0.530803571;-1
31/05/2020;100;6;-0.24375;0.2;-0.574261905;-1
1/06/2020;101;6;-0.198125;0.176;-0.383844697;-1
2/06/2020;102;6;-0.1975;0.184;-0.392705628;-1
3/06/2020;103;6;-0.155625;0.18;-0.377159091;-1
4/06/2020;104;6;-0.165625;0.176;-0.373901515;-1
5/06/2020;105;6;-0.136666667;0.1925;-0.361116071;-1
6/06/2020;106;6;-0.206666667;0.2;-0.495857143;-1
7/06/2020;107;6;-0.2075;0.175;-0.518375;-1
8/06/2020;108;6;-0.127391304;0.17;-0.382957039;-1
9/06/2020;109;6;-0.124583333;0.174;-0.399428571;-1
10/06/2020;110;6;-0.0976;0.185;-0.373869048;-1
11/06/2020;111;6;-0.125833333;0.172;-0.370059524;-1
12/06/2020;112;6;-0.0515;0.164;-0.362797619;-1
13/06/2020;113;6;-0.071904762;0.163333333;-0.43117896;-1
14/06/2020;114;6;-0.086428571;0.17;-0.478059783;-1
15/06/2020;115;6;-0.352;0.226666667;-0.492833333;-1
16/06/2020;116;6;-0.103043478;0.162;-0.35625;-1
17/06/2020;117;6;-0.10625;0.1925;-0.404022727;-1
18/06/2020;118;6;-0.160833333;0.2;-0.454843074;-1
19/06/2020;119;6;-0.079;0.16;-0.336547619;-1
20/06/2020;120;6;-0.0885;0.16;-0.485029762;-1
21/06/2020;121;6;-0.013846154;0.15;-0.454354167;-1
22/06/2020;122;6;-0.390833333;0.236666667;-0.542714286;-1
23/06/2020;123;6;-0.13875;0.17;-0.391190476;-1
24/06/2020;124;6;-0.072083333;0.162;-0.34422619;-1
25/06/2020;125;6;-0.11;0.17;-0.360189394;-1
26/06/2020;126;6;-0.032272727;0.172;-0.347485119;-1
27/06/2020;127;6;-0.048421053;0.146666667;-0.366854167;-1
28/06/2020;128;6;-0.080666667;0.19;-0.508041667;-1
29/06/2020;129;6;-0.356666667;0.2125;-0.422809524;-1
30/06/2020;130;6;-0.080869565;0.152;-0.30625;-1
1/07/2020;131;6;-0.079565217;0.162;-0.343630952;-1
2/07/2020;132;6;-0.10375;0.1775;-0.330654762;-1
3/07/2020;133;6;-0.03;0.1575;-0.286317288;-1
4/07/2020;134;6;-0.0395;0.156666667;-0.376800595;-1
5/07/2020;135;6;-0.026428571;0.145;-0.404208333;-1
6/07/2020;136;6;-0.104347826;0.156;-0.324821429;-1
7/07/2020;137;6;-0.119565217;0.16;-0.345166667;-1
8/07/2020;138;6;-0.08;0.154;-0.31797619;-1
9/07/2020;139;6;-0.119583333;0.158;-0.339107143;-1
10/07/2020;140;6;-0.033181818;0.162;-0.33171131;-1
11/07/2020;141;6;-0.0505;0.12;-0.373354037;-1
12/07/2020;142;6;-0.084;0.145;-0.40565;-1
13/07/2020;143;6;-0.131304348;0.162;-0.381884058;-1
14/07/2020;144;6;-0.137826087;0.156;-0.377583333;-1
15/07/2020;145;6;-0.1175;0.17;-0.372571429;-1
16/07/2020;146;6;-0.12;0.164;-0.367142857;-1
17/07/2020;147;6;-0.081818182;0.1825;-0.396177536;-1
18/07/2020;148;6;-0.181904762;0.145;-0.447113636;-1
19/07/2020;149;6;-0.21375;0.155;-0.513238636;-1
20/07/2020;150;6;-0.418333333;0.236666667;-0.524618012;-1
21/07/2020;151;6;-0.133478261;0.17;-0.397619048;-1
22/07/2020;152;6;-0.123478261;0.1875;-0.415630952;-1
23/07/2020;153;6;-0.140833333;0.1925;-0.412916667;-1
24/07/2020;154;6;-0.072272727;0.1925;-0.38610119;-1
25/07/2020;155;6;-0.182380952;0.165;-0.531117965;-1
26/07/2020;156;6;-0.232;0.18;-0.560621212;-1
27/07/2020;157;6;-0.126521739;0.168;-0.364099026;-1
28/07/2020;158;6;-0.148695652;0.182;-0.375714286;-1
29/07/2020;159;6;-0.11625;0.1875;-0.386404762;-1
30/07/2020;160;6;-0.15625;0.195;-0.381285714;-1
31/07/2020;161;6;-0.082857143;0.1725;-0.330851449;-1
1/08/2020;162;6;-0.168571429;0.155;-0.468780303;-1
2/08/2020;163;6;-0.198;0.155;-0.489427536;-1
3/08/2020;164;6;-0.13173913;0.17;-0.3435;-1
4/08/2020;165;6;-0.137826087;0.172;-0.343345238;-1
5/08/2020;166;6;-0.1204;0.1775;-0.358988095;-1
6/08/2020;167;6;-0.134;0.16;-0.33225;-1
7/08/2020;168;6;-0.281666667;0.223333333;-0.43391369;-1
8/08/2020;169;6;-0.202380952;0.165;-0.481833333;-1
9/08/2020;170;6;-0.200625;0.155;-0.506934783;-1
10/08/2020;171;6;-0.11173913;0.16;-0.348492424;-1
11/08/2020;172;6;-0.127391304;0.168;-0.355119048;-1
12/08/2020;173;6;-0.105833333;0.18;-0.390892857;-1
13/08/2020;174;6;-0.129166667;0.1825;-0.396121212;-1
14/08/2020;175;6;-0.077619048;0.1775;-0.344899068;-1
15/08/2020;176;6;-0.18;0.24;-0.518909091;-1
16/08/2020;177;6;-0.205;0.205;-0.539204545;-1
17/08/2020;178;6;-0.573333333;0.266666667;-0.623333333;-1
18/08/2020;179;6;-0.175;0.16;-0.34;-1
19/08/2020;180;6;-0.19;0.17;-0.336666667;-1
20/08/2020;181;6;-0.195;0.17;-0.341666667;-1
21/08/2020;182;6;-0.155;0.18;-0.355;-1
22/08/2020;183;6;-0.085;0.155;-0.378333333;-1
23/08/2020;184;6;-0.13;0.165;-0.445;-1
24/08/2020;185;6;-0.175;0.1475;-0.35;-1
25/08/2020;186;6;-0.185;0.152;-0.348333333;-1
26/08/2020;187;6;-0.17;0.17;-0.34;-1
27/08/2020;188;6;-0.17;0.1575;-0.343333333;-1
28/08/2020;189;6;-0.125;0.1575;-0.323333333;-1
29/08/2020;190;6;-0.055;0.13;-0.345;-1
30/08/2020;191;6;-0.1075;0.125;-0.396666667;-1
31/08/2020;192;6;-0.16;0.144;-0.316666667;-1
1/09/2020;193;6;-0.18;0.15;-0.325;-1
2/09/2020;194;6;-0.175;0.1425;-0.316666667;-1
3/09/2020;195;6;-0.185;0.1475;-0.315;-1
4/09/2020;196;6;-0.125;0.15;-0.3;-1
5/09/2020;197;6;-0.085;0.11;-0.293333333;-1
6/09/2020;198;6;-0.13;0.105;-0.321666667;-1
7/09/2020;199;6;-0.175;0.136;-0.341666667;-1
8/09/2020;200;6;-0.18;0.134;-0.28;-1
9/09/2020;201;6;-0.175;0.1475;-0.306666667;-1
10/09/2020;202;6;-0.185;0.1325;-0.271666667;-1
11/09/2020;203;6;-0.079545455;0.135;-0.223096591;-1
12/09/2020;204;6;-0.0585;0.086666667;-0.2209375;-1
13/09/2020;205;6;-0.102857143;0.1;-0.263166667;-1
14/09/2020;206;6;-0.084782609;0.13;-0.25685119;-1
15/09/2020;207;6;-0.100416667;0.138;-0.274910714;-1
16/09/2020;208;6;-0.079166667;0.1475;-0.263895833;-1
17/09/2020;209;6;-0.1025;0.135;-0.243875;-1
18/09/2020;210;6;-0.043809524;0.14;-0.222443452;-1
19/09/2020;211;6;-0.052105263;0.113333333;-0.233416667;-1
20/09/2020;212;6;-0.042307692;0.095;-0.2272;-1
21/09/2020;213;6;-0.092173913;0.132;-0.252625;-1
22/09/2020;214;6;-0.104166667;0.134;-0.271333333;-1
23/09/2020;215;6;-0.0912;0.155;-0.338083333;-1
24/09/2020;216;6;-0.105416667;0.145;-0.306982143;-1
25/09/2020;217;6;-0.030952381;0.133333333;-0.217909091;-1
26/09/2020;218;6;-0.024736842;0.106;-0.221306818;-1
27/09/2020;219;6;-0.074;0.1175;-0.275854167;-1
28/09/2020;220;6;-0.084782609;0.13;-0.240059524;-1
29/09/2020;221;6;-0.107083333;0.141666667;-0.295125;-1
30/09/2020;222;6;-0.094;0.117142857;-0.283345238;-1
1/10/2020;223;6;-0.08875;0.098571429;-0.236833333;-1
2/10/2020;224;6;-0.051428571;0.106666667;-0.189014881;-1
3/10/2020;225;6;-0.042;0.072;-0.182039773;-1
4/10/2020;226;6;-0.110625;0.08;-0.210666667;-1
5/10/2020;227;6;-0.106666667;0.086666667;-0.187625;-1
6/10/2020;228;6;-0.090833333;0.083333333;-0.207529762;-1
7/10/2020;229;6;-0.049583333;0.112857143;-0.214505952;-1
8/10/2020;230;6;-0.07375;0.125;-0.248333333;-1
9/10/2020;231;6;-0.018;0.108333333;-0.157571429;-1
10/10/2020;232;6;0.002631579;0.082;-0.152089286;-1
11/10/2020;233;6;-0.048571429;0.085;-0.175738636;-1
12/10/2020;234;6;-0.394583333;0.15;-0.29825;-1
13/10/2020;235;6;-0.06125;0.106666667;-0.192303571;-1
14/10/2020;236;6;-0.017916667;0.12;-0.1695;-1
15/10/2020;237;6;-0.0675;0.125;-0.179214286;-1
16/10/2020;238;6;-0.015;0.133333333;-0.148333333;-1
17/10/2020;239;6;-0.028947368;0.114;-0.171043478;-1
18/10/2020;240;6;-0.032142857;0.056;-0.196854167;-1
19/10/2020;241;6;-0.048695652;0.116666667;-0.1595;-1
20/10/2020;242;6;-0.060869565;0.131666667;-0.215083333;-1
21/10/2020;243;6;-0.01875;0.128333333;-0.214458333;-1
22/10/2020;244;6;-0.040416667;0.108333333;-0.195767857;-1
23/10/2020;245;6;-0.011;0.118333333;-0.184255952;-1
24/10/2020;246;6;0.042105263;0.084;-0.146020563;-1
25/10/2020;247;6;-0.013571429;0.0875;-0.209043478;-1
26/10/2020;248;6;-0.023478261;0.106666667;-0.173210526;-1
27/10/2020;249;6;-0.031666667;0.115;-0.203238095;-1
28/10/2020;250;6;0.000416667;0.115;-0.176625;-1
29/10/2020;251;6;-0.029583333;0.111666667;-0.217916667;-1
30/10/2020;252;6;-0.0045;0.108333333;-0.189988095;-1
31/10/2020;253;6;0.002631579;0.096;-0.2213125;-1
1/11/2020;254;6;-0.028461538;0.105;-0.2321875;-1
2/11/2020;255;6;-0.367083333;0.143333333;-0.268392857;-1
3/11/2020;256;6;-0.027083333;0.1;-0.182428571;-1
4/11/2020;257;6;-0.00125;0.116666667;-0.193619048;-1
5/11/2020;258;6;-0.031666667;0.10125;-0.177166667;-1
6/11/2020;259;6;0.0235;0.106666667;-0.149744048;-1
7/11/2020;260;6;0.028888889;0.092;-0.169599026;-1
8/11/2020;261;6;0.006923077;0.095;-0.2009375;-1
9/11/2020;262;6;-0.007826087;0.101666667;-0.180422619;-1
10/11/2020;263;6;-0.042608696;0.11;-0.221428571;-1
11/11/2020;264;6;0.005;0.114285714;-0.170011905;-1
12/11/2020;265;6;-0.011666667;0.111428571;-0.17475;-1
13/11/2020;266;6;0.031;0.105;-0.15985119;-1
14/11/2020;267;6;0.05;0.064;-0.093217532;-1
15/11/2020;268;6;0.02;0.07;-0.148876812;-1
16/11/2020;269;6;-0.3772;0.151666667;-0.305238095;-1
17/11/2020;270;6;-0.01625;0.096666667;-0.2005;-1
18/11/2020;271;6;0.022173913;0.107142857;-0.154041667;-1
19/11/2020;272;6;0.01;0.09625;-0.153708333;-1
20/11/2020;273;6;0.0625;0.083333333;-0.105830357;-1
